row_index,workload_id,task_source_id,profile_name,missing_metadata_fields
0,m2063-osd-osd_v0_0144_t3::L0_current_masked,m2063-osd-osd_v0_0144_t3,L0_current_masked,source_role_semantics;parent_feasibility_tier_id;normalized_surface_variant;sampled_obstacle_label
1,m2063-osd-osd_v0_0144_t3::L1_one_step,m2063-osd-osd_v0_0144_t3,L1_one_step,source_role_semantics;parent_feasibility_tier_id;normalized_surface_variant;sampled_obstacle_label
2,m2063-osd-osd_v0_0144_t3::L2_window_50,m2063-osd-osd_v0_0144_t3,L2_window_50,source_role_semantics;parent_feasibility_tier_id;normalized_surface_variant;sampled_obstacle_label
3,m2063-osd-osd_v0_0144_t3::L3_online_gru,m2063-osd-osd_v0_0144_t3,L3_online_gru,source_role_semantics;parent_feasibility_tier_id;normalized_surface_variant;sampled_obstacle_label
4,m2063-osd-osd_v0_0144_t3::L3_reset_control_corrected,m2063-osd-osd_v0_0144_t3,L3_reset_control_corrected,source_role_semantics;parent_feasibility_tier_id;normalized_surface_variant;sampled_obstacle_label
5,m2063-osd-osd_v0_0145_t3::L0_current_masked,m2063-osd-osd_v0_0145_t3,L0_current_masked,source_role_semantics;parent_feasibility_tier_id;normalized_surface_variant;sampled_obstacle_label
6,m2063-osd-osd_v0_0145_t3::L1_one_step,m2063-osd-osd_v0_0145_t3,L1_one_step,source_role_semantics;parent_feasibility_tier_id;normalized_surface_variant;sampled_obstacle_label
7,m2063-osd-osd_v0_0145_t3::L2_window_50,m2063-osd-osd_v0_0145_t3,L2_window_50,source_role_semantics;parent_feasibility_tier_id;normalized_surface_variant;sampled_obstacle_label
8,m2063-osd-osd_v0_0145_t3::L3_online_gru,m2063-osd-osd_v0_0145_t3,L3_online_gru,source_role_semantics;parent_feasibility_tier_id;normalized_surface_variant;sampled_obstacle_label
9,m2063-osd-osd_v0_0145_t3::L3_reset_control_corrected,m2063-osd-osd_v0_0145_t3,L3_reset_control_corrected,source_role_semantics;parent_feasibility_tier_id;normalized_surface_variant;sampled_obstacle_label
10,m2063-osd-osd_v0_0146_t3::L0_current_masked,m2063-osd-osd_v0_0146_t3,L0_current_masked,source_role_semantics;parent_feasibility_tier_id;normalized_surface_variant;sampled_obstacle_label
11,m2063-osd-osd_v0_0146_t3::L1_one_step,m2063-osd-osd_v0_0146_t3,L1_one_step,source_role_semantics;parent_feasibility_tier_id;normalized_surface_variant;sampled_obstacle_label
12,m2063-osd-osd_v0_0146_t3::L2_window_50,m2063-osd-osd_v0_0146_t3,L2_window_50,source_role_semantics;parent_feasibility_tier_id;normalized_surface_variant;sampled_obstacle_label
13,m2063-osd-osd_v0_0146_t3::L3_online_gru,m2063-osd-osd_v0_0146_t3,L3_online_gru,source_role_semantics;parent_feasibility_tier_id;normalized_surface_variant;sampled_obstacle_label
14,m2063-osd-osd_v0_0146_t3::L3_reset_control_corrected,m2063-osd-osd_v0_0146_t3,L3_reset_control_corrected,source_role_semantics;parent_feasibility_tier_id;normalized_surface_variant;sampled_obstacle_label
15,m2063-osd-osd_v0_0147_t3::L0_current_masked,m2063-osd-osd_v0_0147_t3,L0_current_masked,source_role_semantics;parent_feasibility_tier_id;normalized_surface_variant;sampled_obstacle_label
16,m2063-osd-osd_v0_0147_t3::L1_one_step,m2063-osd-osd_v0_0147_t3,L1_one_step,source_role_semantics;parent_feasibility_tier_id;normalized_surface_variant;sampled_obstacle_label
17,m2063-osd-osd_v0_0147_t3::L2_window_50,m2063-osd-osd_v0_0147_t3,L2_window_50,source_role_semantics;parent_feasibility_tier_id;normalized_surface_variant;sampled_obstacle_label
18,m2063-osd-osd_v0_0147_t3::L3_online_gru,m2063-osd-osd_v0_0147_t3,L3_online_gru,source_role_semantics;parent_feasibility_tier_id;normalized_surface_variant;sampled_obstacle_label
19,m2063-osd-osd_v0_0147_t3::L3_reset_control_corrected,m2063-osd-osd_v0_0147_t3,L3_reset_control_corrected,source_role_semantics;parent_feasibility_tier_id;normalized_surface_variant;sampled_obstacle_label
20,m2063-osd-osd_v0_0148_t3::L0_current_masked,m2063-osd-osd_v0_0148_t3,L0_current_masked,source_role_semantics;parent_feasibility_tier_id;normalized_surface_variant;sampled_obstacle_label
21,m2063-osd-osd_v0_0148_t3::L1_one_step,m2063-osd-osd_v0_0148_t3,L1_one_step,source_role_semantics;parent_feasibility_tier_id;normalized_surface_variant;sampled_obstacle_label
22,m2063-osd-osd_v0_0148_t3::L2_window_50,m2063-osd-osd_v0_0148_t3,L2_window_50,source_role_semantics;parent_feasibility_tier_id;normalized_surface_variant;sampled_obstacle_label
23,m2063-osd-osd_v0_0148_t3::L3_online_gru,m2063-osd-osd_v0_0148_t3,L3_online_gru,source_role_semantics;parent_feasibility_tier_id;normalized_surface_variant;sampled_obstacle_label
24,m2063-osd-osd_v0_0148_t3::L3_reset_control_corrected,m2063-osd-osd_v0_0148_t3,L3_reset_control_corrected,source_role_semantics;parent_feasibility_tier_id;normalized_surface_variant;sampled_obstacle_label
25,m2063-osd-osd_v0_0149_t3::L0_current_masked,m2063-osd-osd_v0_0149_t3,L0_current_masked,source_role_semantics;parent_feasibility_tier_id;normalized_surface_variant;sampled_obstacle_label
26,m2063-osd-osd_v0_0149_t3::L1_one_step,m2063-osd-osd_v0_0149_t3,L1_one_step,source_role_semantics;parent_feasibility_tier_id;normalized_surface_variant;sampled_obstacle_label
27,m2063-osd-osd_v0_0149_t3::L2_window_50,m2063-osd-osd_v0_0149_t3,L2_window_50,source_role_semantics;parent_feasibility_tier_id;normalized_surface_variant;sampled_obstacle_label
28,m2063-osd-osd_v0_0149_t3::L3_online_gru,m2063-osd-osd_v0_0149_t3,L3_online_gru,source_role_semantics;parent_feasibility_tier_id;normalized_surface_variant;sampled_obstacle_label
29,m2063-osd-osd_v0_0149_t3::L3_reset_control_corrected,m2063-osd-osd_v0_0149_t3,L3_reset_control_corrected,source_role_semantics;parent_feasibility_tier_id;normalized_surface_variant;sampled_obstacle_label
30,m2063-osd-osd_v0_0150_t3::L0_current_masked,m2063-osd-osd_v0_0150_t3,L0_current_masked,source_role_semantics;parent_feasibility_tier_id;normalized_surface_variant;sampled_obstacle_label
31,m2063-osd-osd_v0_0150_t3::L1_one_step,m2063-osd-osd_v0_0150_t3,L1_one_step,source_role_semantics;parent_feasibility_tier_id;normalized_surface_variant;sampled_obstacle_label
32,m2063-osd-osd_v0_0150_t3::L2_window_50,m2063-osd-osd_v0_0150_t3,L2_window_50,source_role_semantics;parent_feasibility_tier_id;normalized_surface_variant;sampled_obstacle_label
33,m2063-osd-osd_v0_0150_t3::L3_online_gru,m2063-osd-osd_v0_0150_t3,L3_online_gru,source_role_semantics;parent_feasibility_tier_id;normalized_surface_variant;sampled_obstacle_label
34,m2063-osd-osd_v0_0150_t3::L3_reset_control_corrected,m2063-osd-osd_v0_0150_t3,L3_reset_control_corrected,source_role_semantics;parent_feasibility_tier_id;normalized_surface_variant;sampled_obstacle_label
35,m2063-osd-osd_v0_0151_t3::L0_current_masked,m2063-osd-osd_v0_0151_t3,L0_current_masked,source_role_semantics;parent_feasibility_tier_id;normalized_surface_variant;sampled_obstacle_label
36,m2063-osd-osd_v0_0151_t3::L1_one_step,m2063-osd-osd_v0_0151_t3,L1_one_step,source_role_semantics;parent_feasibility_tier_id;normalized_surface_variant;sampled_obstacle_label
37,m2063-osd-osd_v0_0151_t3::L2_window_50,m2063-osd-osd_v0_0151_t3,L2_window_50,source_role_semantics;parent_feasibility_tier_id;normalized_surface_variant;sampled_obstacle_label
38,m2063-osd-osd_v0_0151_t3::L3_online_gru,m2063-osd-osd_v0_0151_t3,L3_online_gru,source_role_semantics;parent_feasibility_tier_id;normalized_surface_variant;sampled_obstacle_label
39,m2063-osd-osd_v0_0151_t3::L3_reset_control_corrected,m2063-osd-osd_v0_0151_t3,L3_reset_control_corrected,source_role_semantics;parent_feasibility_tier_id;normalized_surface_variant;sampled_obstacle_label
40,m2063-osd-osd_v0_0152_t3::L0_current_masked,m2063-osd-osd_v0_0152_t3,L0_current_masked,source_role_semantics;parent_feasibility_tier_id;normalized_surface_variant;sampled_obstacle_label
41,m2063-osd-osd_v0_0152_t3::L1_one_step,m2063-osd-osd_v0_0152_t3,L1_one_step,source_role_semantics;parent_feasibility_tier_id;normalized_surface_variant;sampled_obstacle_label
42,m2063-osd-osd_v0_0152_t3::L2_window_50,m2063-osd-osd_v0_0152_t3,L2_window_50,source_role_semantics;parent_feasibility_tier_id;normalized_surface_variant;sampled_obstacle_label
43,m2063-osd-osd_v0_0152_t3::L3_online_gru,m2063-osd-osd_v0_0152_t3,L3_online_gru,source_role_semantics;parent_feasibility_tier_id;normalized_surface_variant;sampled_obstacle_label
44,m2063-osd-osd_v0_0152_t3::L3_reset_control_corrected,m2063-osd-osd_v0_0152_t3,L3_reset_control_corrected,source_role_semantics;parent_feasibility_tier_id;normalized_surface_variant;sampled_obstacle_label
45,m2063-osd-osd_v0_0153_t3::L0_current_masked,m2063-osd-osd_v0_0153_t3,L0_current_masked,source_role_semantics;parent_feasibility_tier_id;normalized_surface_variant;sampled_obstacle_label
46,m2063-osd-osd_v0_0153_t3::L1_one_step,m2063-osd-osd_v0_0153_t3,L1_one_step,source_role_semantics;parent_feasibility_tier_id;normalized_surface_variant;sampled_obstacle_label
47,m2063-osd-osd_v0_0153_t3::L2_window_50,m2063-osd-osd_v0_0153_t3,L2_window_50,source_role_semantics;parent_feasibility_tier_id;normalized_surface_variant;sampled_obstacle_label
48,m2063-osd-osd_v0_0153_t3::L3_online_gru,m2063-osd-osd_v0_0153_t3,L3_online_gru,source_role_semantics;parent_feasibility_tier_id;normalized_surface_variant;sampled_obstacle_label
49,m2063-osd-osd_v0_0153_t3::L3_reset_control_corrected,m2063-osd-osd_v0_0153_t3,L3_reset_control_corrected,source_role_semantics;parent_feasibility_tier_id;normalized_surface_variant;sampled_obstacle_label
50,m2063-osd-osd_v0_0154_t3::L0_current_masked,m2063-osd-osd_v0_0154_t3,L0_current_masked,source_role_semantics;parent_feasibility_tier_id;normalized_surface_variant;sampled_obstacle_label
51,m2063-osd-osd_v0_0154_t3::L1_one_step,m2063-osd-osd_v0_0154_t3,L1_one_step,source_role_semantics;parent_feasibility_tier_id;normalized_surface_variant;sampled_obstacle_label
52,m2063-osd-osd_v0_0154_t3::L2_window_50,m2063-osd-osd_v0_0154_t3,L2_window_50,source_role_semantics;parent_feasibility_tier_id;normalized_surface_variant;sampled_obstacle_label
53,m2063-osd-osd_v0_0154_t3::L3_online_gru,m2063-osd-osd_v0_0154_t3,L3_online_gru,source_role_semantics;parent_feasibility_tier_id;normalized_surface_variant;sampled_obstacle_label
54,m2063-osd-osd_v0_0154_t3::L3_reset_control_corrected,m2063-osd-osd_v0_0154_t3,L3_reset_control_corrected,source_role_semantics;parent_feasibility_tier_id;normalized_surface_variant;sampled_obstacle_label
55,m2063-osd-osd_v0_0155_t3::L0_current_masked,m2063-osd-osd_v0_0155_t3,L0_current_masked,source_role_semantics;parent_feasibility_tier_id;normalized_surface_variant;sampled_obstacle_label
56,m2063-osd-osd_v0_0155_t3::L1_one_step,m2063-osd-osd_v0_0155_t3,L1_one_step,source_role_semantics;parent_feasibility_tier_id;normalized_surface_variant;sampled_obstacle_label
57,m2063-osd-osd_v0_0155_t3::L2_window_50,m2063-osd-osd_v0_0155_t3,L2_window_50,source_role_semantics;parent_feasibility_tier_id;normalized_surface_variant;sampled_obstacle_label
58,m2063-osd-osd_v0_0155_t3::L3_online_gru,m2063-osd-osd_v0_0155_t3,L3_online_gru,source_role_semantics;parent_feasibility_tier_id;normalized_surface_variant;sampled_obstacle_label
59,m2063-osd-osd_v0_0155_t3::L3_reset_control_corrected,m2063-osd-osd_v0_0155_t3,L3_reset_control_corrected,source_role_semantics;parent_feasibility_tier_id;normalized_surface_variant;sampled_obstacle_label
60,m2063-osd-osd_v0_0156_t3::L0_current_masked,m2063-osd-osd_v0_0156_t3,L0_current_masked,source_role_semantics;parent_feasibility_tier_id;normalized_surface_variant;sampled_obstacle_label
61,m2063-osd-osd_v0_0156_t3::L1_one_step,m2063-osd-osd_v0_0156_t3,L1_one_step,source_role_semantics;parent_feasibility_tier_id;normalized_surface_variant;sampled_obstacle_label
62,m2063-osd-osd_v0_0156_t3::L2_window_50,m2063-osd-osd_v0_0156_t3,L2_window_50,source_role_semantics;parent_feasibility_tier_id;normalized_surface_variant;sampled_obstacle_label
63,m2063-osd-osd_v0_0156_t3::L3_online_gru,m2063-osd-osd_v0_0156_t3,L3_online_gru,source_role_semantics;parent_feasibility_tier_id;normalized_surface_variant;sampled_obstacle_label
64,m2063-osd-osd_v0_0156_t3::L3_reset_control_corrected,m2063-osd-osd_v0_0156_t3,L3_reset_control_corrected,source_role_semantics;parent_feasibility_tier_id;normalized_surface_variant;sampled_obstacle_label
65,m2063-osd-osd_v0_0157_t3::L0_current_masked,m2063-osd-osd_v0_0157_t3,L0_current_masked,source_role_semantics;parent_feasibility_tier_id;normalized_surface_variant;sampled_obstacle_label
66,m2063-osd-osd_v0_0157_t3::L1_one_step,m2063-osd-osd_v0_0157_t3,L1_one_step,source_role_semantics;parent_feasibility_tier_id;normalized_surface_variant;sampled_obstacle_label
67,m2063-osd-osd_v0_0157_t3::L2_window_50,m2063-osd-osd_v0_0157_t3,L2_window_50,source_role_semantics;parent_feasibility_tier_id;normalized_surface_variant;sampled_obstacle_label
68,m2063-osd-osd_v0_0157_t3::L3_online_gru,m2063-osd-osd_v0_0157_t3,L3_online_gru,source_role_semantics;parent_feasibility_tier_id;normalized_surface_variant;sampled_obstacle_label
69,m2063-osd-osd_v0_0157_t3::L3_reset_control_corrected,m2063-osd-osd_v0_0157_t3,L3_reset_control_corrected,source_role_semantics;parent_feasibility_tier_id;normalized_surface_variant;sampled_obstacle_label
70,m2063-osd-osd_v0_0158_t3::L0_current_masked,m2063-osd-osd_v0_0158_t3,L0_current_masked,source_role_semantics;parent_feasibility_tier_id;normalized_surface_variant;sampled_obstacle_label
71,m2063-osd-osd_v0_0158_t3::L1_one_step,m2063-osd-osd_v0_0158_t3,L1_one_step,source_role_semantics;parent_feasibility_tier_id;normalized_surface_variant;sampled_obstacle_label
72,m2063-osd-osd_v0_0158_t3::L2_window_50,m2063-osd-osd_v0_0158_t3,L2_window_50,source_role_semantics;parent_feasibility_tier_id;normalized_surface_variant;sampled_obstacle_label
73,m2063-osd-osd_v0_0158_t3::L3_online_gru,m2063-osd-osd_v0_0158_t3,L3_online_gru,source_role_semantics;parent_feasibility_tier_id;normalized_surface_variant;sampled_obstacle_label
74,m2063-osd-osd_v0_0158_t3::L3_reset_control_corrected,m2063-osd-osd_v0_0158_t3,L3_reset_control_corrected,source_role_semantics;parent_feasibility_tier_id;normalized_surface_variant;sampled_obstacle_label
75,m2063-osd-osd_v0_0159_t3::L0_current_masked,m2063-osd-osd_v0_0159_t3,L0_current_masked,source_role_semantics;parent_feasibility_tier_id;normalized_surface_variant;sampled_obstacle_label
76,m2063-osd-osd_v0_0159_t3::L1_one_step,m2063-osd-osd_v0_0159_t3,L1_one_step,source_role_semantics;parent_feasibility_tier_id;normalized_surface_variant;sampled_obstacle_label
77,m2063-osd-osd_v0_0159_t3::L2_window_50,m2063-osd-osd_v0_0159_t3,L2_window_50,source_role_semantics;parent_feasibility_tier_id;normalized_surface_variant;sampled_obstacle_label
78,m2063-osd-osd_v0_0159_t3::L3_online_gru,m2063-osd-osd_v0_0159_t3,L3_online_gru,source_role_semantics;parent_feasibility_tier_id;normalized_surface_variant;sampled_obstacle_label
79,m2063-osd-osd_v0_0159_t3::L3_reset_control_corrected,m2063-osd-osd_v0_0159_t3,L3_reset_control_corrected,source_role_semantics;parent_feasibility_tier_id;normalized_surface_variant;sampled_obstacle_label
80,m2063-osd-osd_v0_0160_t3::L0_current_masked,m2063-osd-osd_v0_0160_t3,L0_current_masked,source_role_semantics;parent_feasibility_tier_id;normalized_surface_variant;sampled_obstacle_label
81,m2063-osd-osd_v0_0160_t3::L1_one_step,m2063-osd-osd_v0_0160_t3,L1_one_step,source_role_semantics;parent_feasibility_tier_id;normalized_surface_variant;sampled_obstacle_label
82,m2063-osd-osd_v0_0160_t3::L2_window_50,m2063-osd-osd_v0_0160_t3,L2_window_50,source_role_semantics;parent_feasibility_tier_id;normalized_surface_variant;sampled_obstacle_label
83,m2063-osd-osd_v0_0160_t3::L3_online_gru,m2063-osd-osd_v0_0160_t3,L3_online_gru,source_role_semantics;parent_feasibility_tier_id;normalized_surface_variant;sampled_obstacle_label
84,m2063-osd-osd_v0_0160_t3::L3_reset_control_corrected,m2063-osd-osd_v0_0160_t3,L3_reset_control_corrected,source_role_semantics;parent_feasibility_tier_id;normalized_surface_variant;sampled_obstacle_label
85,m2063-osd-osd_v0_0161_t3::L0_current_masked,m2063-osd-osd_v0_0161_t3,L0_current_masked,source_role_semantics;parent_feasibility_tier_id;normalized_surface_variant;sampled_obstacle_label
86,m2063-osd-osd_v0_0161_t3::L1_one_step,m2063-osd-osd_v0_0161_t3,L1_one_step,source_role_semantics;parent_feasibility_tier_id;normalized_surface_variant;sampled_obstacle_label
87,m2063-osd-osd_v0_0161_t3::L2_window_50,m2063-osd-osd_v0_0161_t3,L2_window_50,source_role_semantics;parent_feasibility_tier_id;normalized_surface_variant;sampled_obstacle_label
88,m2063-osd-osd_v0_0161_t3::L3_online_gru,m2063-osd-osd_v0_0161_t3,L3_online_gru,source_role_semantics;parent_feasibility_tier_id;normalized_surface_variant;sampled_obstacle_label
89,m2063-osd-osd_v0_0161_t3::L3_reset_control_corrected,m2063-osd-osd_v0_0161_t3,L3_reset_control_corrected,source_role_semantics;parent_feasibility_tier_id;normalized_surface_variant;sampled_obstacle_label
90,m2063-osd-osd_v0_0162_t3::L0_current_masked,m2063-osd-osd_v0_0162_t3,L0_current_masked,source_role_semantics;parent_feasibility_tier_id;normalized_surface_variant;sampled_obstacle_label
91,m2063-osd-osd_v0_0162_t3::L1_one_step,m2063-osd-osd_v0_0162_t3,L1_one_step,source_role_semantics;parent_feasibility_tier_id;normalized_surface_variant;sampled_obstacle_label
92,m2063-osd-osd_v0_0162_t3::L2_window_50,m2063-osd-osd_v0_0162_t3,L2_window_50,source_role_semantics;parent_feasibility_tier_id;normalized_surface_variant;sampled_obstacle_label
93,m2063-osd-osd_v0_0162_t3::L3_online_gru,m2063-osd-osd_v0_0162_t3,L3_online_gru,source_role_semantics;parent_feasibility_tier_id;normalized_surface_variant;sampled_obstacle_label
94,m2063-osd-osd_v0_0162_t3::L3_reset_control_corrected,m2063-osd-osd_v0_0162_t3,L3_reset_control_corrected,source_role_semantics;parent_feasibility_tier_id;normalized_surface_variant;sampled_obstacle_label
95,m2063-osd-osd_v0_0163_t3::L0_current_masked,m2063-osd-osd_v0_0163_t3,L0_current_masked,source_role_semantics;parent_feasibility_tier_id;normalized_surface_variant;sampled_obstacle_label
96,m2063-osd-osd_v0_0163_t3::L1_one_step,m2063-osd-osd_v0_0163_t3,L1_one_step,source_role_semantics;parent_feasibility_tier_id;normalized_surface_variant;sampled_obstacle_label
97,m2063-osd-osd_v0_0163_t3::L2_window_50,m2063-osd-osd_v0_0163_t3,L2_window_50,source_role_semantics;parent_feasibility_tier_id;normalized_surface_variant;sampled_obstacle_label
98,m2063-osd-osd_v0_0163_t3::L3_online_gru,m2063-osd-osd_v0_0163_t3,L3_online_gru,source_role_semantics;parent_feasibility_tier_id;normalized_surface_variant;sampled_obstacle_label
99,m2063-osd-osd_v0_0163_t3::L3_reset_control_corrected,m2063-osd-osd_v0_0163_t3,L3_reset_control_corrected,source_role_semantics;parent_feasibility_tier_id;normalized_surface_variant;sampled_obstacle_label
100,m2063-osd-osd_v0_0164_t3::L0_current_masked,m2063-osd-osd_v0_0164_t3,L0_current_masked,source_role_semantics;parent_feasibility_tier_id;normalized_surface_variant;sampled_obstacle_label
101,m2063-osd-osd_v0_0164_t3::L1_one_step,m2063-osd-osd_v0_0164_t3,L1_one_step,source_role_semantics;parent_feasibility_tier_id;normalized_surface_variant;sampled_obstacle_label
102,m2063-osd-osd_v0_0164_t3::L2_window_50,m2063-osd-osd_v0_0164_t3,L2_window_50,source_role_semantics;parent_feasibility_tier_id;normalized_surface_variant;sampled_obstacle_label
103,m2063-osd-osd_v0_0164_t3::L3_online_gru,m2063-osd-osd_v0_0164_t3,L3_online_gru,source_role_semantics;parent_feasibility_tier_id;normalized_surface_variant;sampled_obstacle_label
104,m2063-osd-osd_v0_0164_t3::L3_reset_control_corrected,m2063-osd-osd_v0_0164_t3,L3_reset_control_corrected,source_role_semantics;parent_feasibility_tier_id;normalized_surface_variant;sampled_obstacle_label
105,m2063-osd-osd_v0_0165_t3::L0_current_masked,m2063-osd-osd_v0_0165_t3,L0_current_masked,source_role_semantics;parent_feasibility_tier_id;normalized_surface_variant;sampled_obstacle_label
106,m2063-osd-osd_v0_0165_t3::L1_one_step,m2063-osd-osd_v0_0165_t3,L1_one_step,source_role_semantics;parent_feasibility_tier_id;normalized_surface_variant;sampled_obstacle_label
107,m2063-osd-osd_v0_0165_t3::L2_window_50,m2063-osd-osd_v0_0165_t3,L2_window_50,source_role_semantics;parent_feasibility_tier_id;normalized_surface_variant;sampled_obstacle_label
108,m2063-osd-osd_v0_0165_t3::L3_online_gru,m2063-osd-osd_v0_0165_t3,L3_online_gru,source_role_semantics;parent_feasibility_tier_id;normalized_surface_variant;sampled_obstacle_label
109,m2063-osd-osd_v0_0165_t3::L3_reset_control_corrected,m2063-osd-osd_v0_0165_t3,L3_reset_control_corrected,source_role_semantics;parent_feasibility_tier_id;normalized_surface_variant;sampled_obstacle_label
110,m2063-osd-osd_v0_0166_t3::L0_current_masked,m2063-osd-osd_v0_0166_t3,L0_current_masked,source_role_semantics;parent_feasibility_tier_id;normalized_surface_variant;sampled_obstacle_label
111,m2063-osd-osd_v0_0166_t3::L1_one_step,m2063-osd-osd_v0_0166_t3,L1_one_step,source_role_semantics;parent_feasibility_tier_id;normalized_surface_variant;sampled_obstacle_label
112,m2063-osd-osd_v0_0166_t3::L2_window_50,m2063-osd-osd_v0_0166_t3,L2_window_50,source_role_semantics;parent_feasibility_tier_id;normalized_surface_variant;sampled_obstacle_label
113,m2063-osd-osd_v0_0166_t3::L3_online_gru,m2063-osd-osd_v0_0166_t3,L3_online_gru,source_role_semantics;parent_feasibility_tier_id;normalized_surface_variant;sampled_obstacle_label
114,m2063-osd-osd_v0_0166_t3::L3_reset_control_corrected,m2063-osd-osd_v0_0166_t3,L3_reset_control_corrected,source_role_semantics;parent_feasibility_tier_id;normalized_surface_variant;sampled_obstacle_label
115,m2063-osd-osd_v0_0167_t3::L0_current_masked,m2063-osd-osd_v0_0167_t3,L0_current_masked,source_role_semantics;parent_feasibility_tier_id;normalized_surface_variant;sampled_obstacle_label
116,m2063-osd-osd_v0_0167_t3::L1_one_step,m2063-osd-osd_v0_0167_t3,L1_one_step,source_role_semantics;parent_feasibility_tier_id;normalized_surface_variant;sampled_obstacle_label
117,m2063-osd-osd_v0_0167_t3::L2_window_50,m2063-osd-osd_v0_0167_t3,L2_window_50,source_role_semantics;parent_feasibility_tier_id;normalized_surface_variant;sampled_obstacle_label
118,m2063-osd-osd_v0_0167_t3::L3_online_gru,m2063-osd-osd_v0_0167_t3,L3_online_gru,source_role_semantics;parent_feasibility_tier_id;normalized_surface_variant;sampled_obstacle_label
119,m2063-osd-osd_v0_0167_t3::L3_reset_control_corrected,m2063-osd-osd_v0_0167_t3,L3_reset_control_corrected,source_role_semantics;parent_feasibility_tier_id;normalized_surface_variant;sampled_obstacle_label
120,m2063-osd-osd_v0_0168_t4::L0_current_masked,m2063-osd-osd_v0_0168_t4,L0_current_masked,source_role_semantics;parent_feasibility_tier_id;normalized_surface_variant;sampled_obstacle_label
121,m2063-osd-osd_v0_0168_t4::L1_one_step,m2063-osd-osd_v0_0168_t4,L1_one_step,source_role_semantics;parent_feasibility_tier_id;normalized_surface_variant;sampled_obstacle_label
122,m2063-osd-osd_v0_0168_t4::L2_window_50,m2063-osd-osd_v0_0168_t4,L2_window_50,source_role_semantics;parent_feasibility_tier_id;normalized_surface_variant;sampled_obstacle_label
123,m2063-osd-osd_v0_0168_t4::L3_online_gru,m2063-osd-osd_v0_0168_t4,L3_online_gru,source_role_semantics;parent_feasibility_tier_id;normalized_surface_variant;sampled_obstacle_label
124,m2063-osd-osd_v0_0168_t4::L3_reset_control_corrected,m2063-osd-osd_v0_0168_t4,L3_reset_control_corrected,source_role_semantics;parent_feasibility_tier_id;normalized_surface_variant;sampled_obstacle_label
125,m2063-osd-osd_v0_0169_t4::L0_current_masked,m2063-osd-osd_v0_0169_t4,L0_current_masked,source_role_semantics;parent_feasibility_tier_id;normalized_surface_variant;sampled_obstacle_label
126,m2063-osd-osd_v0_0169_t4::L1_one_step,m2063-osd-osd_v0_0169_t4,L1_one_step,source_role_semantics;parent_feasibility_tier_id;normalized_surface_variant;sampled_obstacle_label
127,m2063-osd-osd_v0_0169_t4::L2_window_50,m2063-osd-osd_v0_0169_t4,L2_window_50,source_role_semantics;parent_feasibility_tier_id;normalized_surface_variant;sampled_obstacle_label
128,m2063-osd-osd_v0_0169_t4::L3_online_gru,m2063-osd-osd_v0_0169_t4,L3_online_gru,source_role_semantics;parent_feasibility_tier_id;normalized_surface_variant;sampled_obstacle_label
129,m2063-osd-osd_v0_0169_t4::L3_reset_control_corrected,m2063-osd-osd_v0_0169_t4,L3_reset_control_corrected,source_role_semantics;parent_feasibility_tier_id;normalized_surface_variant;sampled_obstacle_label
130,m2063-osd-osd_v0_0170_t4::L0_current_masked,m2063-osd-osd_v0_0170_t4,L0_current_masked,source_role_semantics;parent_feasibility_tier_id;normalized_surface_variant;sampled_obstacle_label
131,m2063-osd-osd_v0_0170_t4::L1_one_step,m2063-osd-osd_v0_0170_t4,L1_one_step,source_role_semantics;parent_feasibility_tier_id;normalized_surface_variant;sampled_obstacle_label
132,m2063-osd-osd_v0_0170_t4::L2_window_50,m2063-osd-osd_v0_0170_t4,L2_window_50,source_role_semantics;parent_feasibility_tier_id;normalized_surface_variant;sampled_obstacle_label
133,m2063-osd-osd_v0_0170_t4::L3_online_gru,m2063-osd-osd_v0_0170_t4,L3_online_gru,source_role_semantics;parent_feasibility_tier_id;normalized_surface_variant;sampled_obstacle_label
134,m2063-osd-osd_v0_0170_t4::L3_reset_control_corrected,m2063-osd-osd_v0_0170_t4,L3_reset_control_corrected,source_role_semantics;parent_feasibility_tier_id;normalized_surface_variant;sampled_obstacle_label
135,m2063-osd-osd_v0_0171_t4::L0_current_masked,m2063-osd-osd_v0_0171_t4,L0_current_masked,source_role_semantics;parent_feasibility_tier_id;normalized_surface_variant;sampled_obstacle_label
136,m2063-osd-osd_v0_0171_t4::L1_one_step,m2063-osd-osd_v0_0171_t4,L1_one_step,source_role_semantics;parent_feasibility_tier_id;normalized_surface_variant;sampled_obstacle_label
137,m2063-osd-osd_v0_0171_t4::L2_window_50,m2063-osd-osd_v0_0171_t4,L2_window_50,source_role_semantics;parent_feasibility_tier_id;normalized_surface_variant;sampled_obstacle_label
138,m2063-osd-osd_v0_0171_t4::L3_online_gru,m2063-osd-osd_v0_0171_t4,L3_online_gru,source_role_semantics;parent_feasibility_tier_id;normalized_surface_variant;sampled_obstacle_label
139,m2063-osd-osd_v0_0171_t4::L3_reset_control_corrected,m2063-osd-osd_v0_0171_t4,L3_reset_control_corrected,source_role_semantics;parent_feasibility_tier_id;normalized_surface_variant;sampled_obstacle_label
140,m2063-osd-osd_v0_0172_t4::L0_current_masked,m2063-osd-osd_v0_0172_t4,L0_current_masked,source_role_semantics;parent_feasibility_tier_id;normalized_surface_variant;sampled_obstacle_label
141,m2063-osd-osd_v0_0172_t4::L1_one_step,m2063-osd-osd_v0_0172_t4,L1_one_step,source_role_semantics;parent_feasibility_tier_id;normalized_surface_variant;sampled_obstacle_label
142,m2063-osd-osd_v0_0172_t4::L2_window_50,m2063-osd-osd_v0_0172_t4,L2_window_50,source_role_semantics;parent_feasibility_tier_id;normalized_surface_variant;sampled_obstacle_label
143,m2063-osd-osd_v0_0172_t4::L3_online_gru,m2063-osd-osd_v0_0172_t4,L3_online_gru,source_role_semantics;parent_feasibility_tier_id;normalized_surface_variant;sampled_obstacle_label
144,m2063-osd-osd_v0_0172_t4::L3_reset_control_corrected,m2063-osd-osd_v0_0172_t4,L3_reset_control_corrected,source_role_semantics;parent_feasibility_tier_id;normalized_surface_variant;sampled_obstacle_label
145,m2063-osd-osd_v0_0173_t4::L0_current_masked,m2063-osd-osd_v0_0173_t4,L0_current_masked,source_role_semantics;parent_feasibility_tier_id;normalized_surface_variant;sampled_obstacle_label
146,m2063-osd-osd_v0_0173_t4::L1_one_step,m2063-osd-osd_v0_0173_t4,L1_one_step,source_role_semantics;parent_feasibility_tier_id;normalized_surface_variant;sampled_obstacle_label
147,m2063-osd-osd_v0_0173_t4::L2_window_50,m2063-osd-osd_v0_0173_t4,L2_window_50,source_role_semantics;parent_feasibility_tier_id;normalized_surface_variant;sampled_obstacle_label
148,m2063-osd-osd_v0_0173_t4::L3_online_gru,m2063-osd-osd_v0_0173_t4,L3_online_gru,source_role_semantics;parent_feasibility_tier_id;normalized_surface_variant;sampled_obstacle_label
149,m2063-osd-osd_v0_0173_t4::L3_reset_control_corrected,m2063-osd-osd_v0_0173_t4,L3_reset_control_corrected,source_role_semantics;parent_feasibility_tier_id;normalized_surface_variant;sampled_obstacle_label
150,m2063-osd-osd_v0_0174_t4::L0_current_masked,m2063-osd-osd_v0_0174_t4,L0_current_masked,source_role_semantics;parent_feasibility_tier_id;normalized_surface_variant;sampled_obstacle_label
151,m2063-osd-osd_v0_0174_t4::L1_one_step,m2063-osd-osd_v0_0174_t4,L1_one_step,source_role_semantics;parent_feasibility_tier_id;normalized_surface_variant;sampled_obstacle_label
152,m2063-osd-osd_v0_0174_t4::L2_window_50,m2063-osd-osd_v0_0174_t4,L2_window_50,source_role_semantics;parent_feasibility_tier_id;normalized_surface_variant;sampled_obstacle_label
153,m2063-osd-osd_v0_0174_t4::L3_online_gru,m2063-osd-osd_v0_0174_t4,L3_online_gru,source_role_semantics;parent_feasibility_tier_id;normalized_surface_variant;sampled_obstacle_label
154,m2063-osd-osd_v0_0174_t4::L3_reset_control_corrected,m2063-osd-osd_v0_0174_t4,L3_reset_control_corrected,source_role_semantics;parent_feasibility_tier_id;normalized_surface_variant;sampled_obstacle_label
155,m2063-osd-osd_v0_0175_t4::L0_current_masked,m2063-osd-osd_v0_0175_t4,L0_current_masked,source_role_semantics;parent_feasibility_tier_id;normalized_surface_variant;sampled_obstacle_label
156,m2063-osd-osd_v0_0175_t4::L1_one_step,m2063-osd-osd_v0_0175_t4,L1_one_step,source_role_semantics;parent_feasibility_tier_id;normalized_surface_variant;sampled_obstacle_label
157,m2063-osd-osd_v0_0175_t4::L2_window_50,m2063-osd-osd_v0_0175_t4,L2_window_50,source_role_semantics;parent_feasibility_tier_id;normalized_surface_variant;sampled_obstacle_label
158,m2063-osd-osd_v0_0175_t4::L3_online_gru,m2063-osd-osd_v0_0175_t4,L3_online_gru,source_role_semantics;parent_feasibility_tier_id;normalized_surface_variant;sampled_obstacle_label
159,m2063-osd-osd_v0_0175_t4::L3_reset_control_corrected,m2063-osd-osd_v0_0175_t4,L3_reset_control_corrected,source_role_semantics;parent_feasibility_tier_id;normalized_surface_variant;sampled_obstacle_label
160,m2063-osd-osd_v0_0176_t4::L0_current_masked,m2063-osd-osd_v0_0176_t4,L0_current_masked,source_role_semantics;parent_feasibility_tier_id;normalized_surface_variant;sampled_obstacle_label
161,m2063-osd-osd_v0_0176_t4::L1_one_step,m2063-osd-osd_v0_0176_t4,L1_one_step,source_role_semantics;parent_feasibility_tier_id;normalized_surface_variant;sampled_obstacle_label
162,m2063-osd-osd_v0_0176_t4::L2_window_50,m2063-osd-osd_v0_0176_t4,L2_window_50,source_role_semantics;parent_feasibility_tier_id;normalized_surface_variant;sampled_obstacle_label
163,m2063-osd-osd_v0_0176_t4::L3_online_gru,m2063-osd-osd_v0_0176_t4,L3_online_gru,source_role_semantics;parent_feasibility_tier_id;normalized_surface_variant;sampled_obstacle_label
164,m2063-osd-osd_v0_0176_t4::L3_reset_control_corrected,m2063-osd-osd_v0_0176_t4,L3_reset_control_corrected,source_role_semantics;parent_feasibility_tier_id;normalized_surface_variant;sampled_obstacle_label
165,m2063-osd-osd_v0_0177_t4::L0_current_masked,m2063-osd-osd_v0_0177_t4,L0_current_masked,source_role_semantics;parent_feasibility_tier_id;normalized_surface_variant;sampled_obstacle_label
166,m2063-osd-osd_v0_0177_t4::L1_one_step,m2063-osd-osd_v0_0177_t4,L1_one_step,source_role_semantics;parent_feasibility_tier_id;normalized_surface_variant;sampled_obstacle_label
167,m2063-osd-osd_v0_0177_t4::L2_window_50,m2063-osd-osd_v0_0177_t4,L2_window_50,source_role_semantics;parent_feasibility_tier_id;normalized_surface_variant;sampled_obstacle_label
168,m2063-osd-osd_v0_0177_t4::L3_online_gru,m2063-osd-osd_v0_0177_t4,L3_online_gru,source_role_semantics;parent_feasibility_tier_id;normalized_surface_variant;sampled_obstacle_label
169,m2063-osd-osd_v0_0177_t4::L3_reset_control_corrected,m2063-osd-osd_v0_0177_t4,L3_reset_control_corrected,source_role_semantics;parent_feasibility_tier_id;normalized_surface_variant;sampled_obstacle_label
170,m2063-osd-osd_v0_0178_t4::L0_current_masked,m2063-osd-osd_v0_0178_t4,L0_current_masked,source_role_semantics;parent_feasibility_tier_id;normalized_surface_variant;sampled_obstacle_label
171,m2063-osd-osd_v0_0178_t4::L1_one_step,m2063-osd-osd_v0_0178_t4,L1_one_step,source_role_semantics;parent_feasibility_tier_id;normalized_surface_variant;sampled_obstacle_label
172,m2063-osd-osd_v0_0178_t4::L2_window_50,m2063-osd-osd_v0_0178_t4,L2_window_50,source_role_semantics;parent_feasibility_tier_id;normalized_surface_variant;sampled_obstacle_label
173,m2063-osd-osd_v0_0178_t4::L3_online_gru,m2063-osd-osd_v0_0178_t4,L3_online_gru,source_role_semantics;parent_feasibility_tier_id;normalized_surface_variant;sampled_obstacle_label
174,m2063-osd-osd_v0_0178_t4::L3_reset_control_corrected,m2063-osd-osd_v0_0178_t4,L3_reset_control_corrected,source_role_semantics;parent_feasibility_tier_id;normalized_surface_variant;sampled_obstacle_label
175,m2063-osd-osd_v0_0179_t4::L0_current_masked,m2063-osd-osd_v0_0179_t4,L0_current_masked,source_role_semantics;parent_feasibility_tier_id;normalized_surface_variant;sampled_obstacle_label
176,m2063-osd-osd_v0_0179_t4::L1_one_step,m2063-osd-osd_v0_0179_t4,L1_one_step,source_role_semantics;parent_feasibility_tier_id;normalized_surface_variant;sampled_obstacle_label
177,m2063-osd-osd_v0_0179_t4::L2_window_50,m2063-osd-osd_v0_0179_t4,L2_window_50,source_role_semantics;parent_feasibility_tier_id;normalized_surface_variant;sampled_obstacle_label
178,m2063-osd-osd_v0_0179_t4::L3_online_gru,m2063-osd-osd_v0_0179_t4,L3_online_gru,source_role_semantics;parent_feasibility_tier_id;normalized_surface_variant;sampled_obstacle_label
179,m2063-osd-osd_v0_0179_t4::L3_reset_control_corrected,m2063-osd-osd_v0_0179_t4,L3_reset_control_corrected,source_role_semantics;parent_feasibility_tier_id;normalized_surface_variant;sampled_obstacle_label
180,m2063-osd-osd_v0_0180_t4::L0_current_masked,m2063-osd-osd_v0_0180_t4,L0_current_masked,source_role_semantics;parent_feasibility_tier_id;normalized_surface_variant;sampled_obstacle_label
181,m2063-osd-osd_v0_0180_t4::L1_one_step,m2063-osd-osd_v0_0180_t4,L1_one_step,source_role_semantics;parent_feasibility_tier_id;normalized_surface_variant;sampled_obstacle_label
182,m2063-osd-osd_v0_0180_t4::L2_window_50,m2063-osd-osd_v0_0180_t4,L2_window_50,source_role_semantics;parent_feasibility_tier_id;normalized_surface_variant;sampled_obstacle_label
183,m2063-osd-osd_v0_0180_t4::L3_online_gru,m2063-osd-osd_v0_0180_t4,L3_online_gru,source_role_semantics;parent_feasibility_tier_id;normalized_surface_variant;sampled_obstacle_label
184,m2063-osd-osd_v0_0180_t4::L3_reset_control_corrected,m2063-osd-osd_v0_0180_t4,L3_reset_control_corrected,source_role_semantics;parent_feasibility_tier_id;normalized_surface_variant;sampled_obstacle_label
185,m2063-osd-osd_v0_0181_t4::L0_current_masked,m2063-osd-osd_v0_0181_t4,L0_current_masked,source_role_semantics;parent_feasibility_tier_id;normalized_surface_variant;sampled_obstacle_label
186,m2063-osd-osd_v0_0181_t4::L1_one_step,m2063-osd-osd_v0_0181_t4,L1_one_step,source_role_semantics;parent_feasibility_tier_id;normalized_surface_variant;sampled_obstacle_label
187,m2063-osd-osd_v0_0181_t4::L2_window_50,m2063-osd-osd_v0_0181_t4,L2_window_50,source_role_semantics;parent_feasibility_tier_id;normalized_surface_variant;sampled_obstacle_label
188,m2063-osd-osd_v0_0181_t4::L3_online_gru,m2063-osd-osd_v0_0181_t4,L3_online_gru,source_role_semantics;parent_feasibility_tier_id;normalized_surface_variant;sampled_obstacle_label
189,m2063-osd-osd_v0_0181_t4::L3_reset_control_corrected,m2063-osd-osd_v0_0181_t4,L3_reset_control_corrected,source_role_semantics;parent_feasibility_tier_id;normalized_surface_variant;sampled_obstacle_label
190,m2063-osd-osd_v0_0182_t4::L0_current_masked,m2063-osd-osd_v0_0182_t4,L0_current_masked,source_role_semantics;parent_feasibility_tier_id;normalized_surface_variant;sampled_obstacle_label
191,m2063-osd-osd_v0_0182_t4::L1_one_step,m2063-osd-osd_v0_0182_t4,L1_one_step,source_role_semantics;parent_feasibility_tier_id;normalized_surface_variant;sampled_obstacle_label
192,m2063-osd-osd_v0_0182_t4::L2_window_50,m2063-osd-osd_v0_0182_t4,L2_window_50,source_role_semantics;parent_feasibility_tier_id;normalized_surface_variant;sampled_obstacle_label
193,m2063-osd-osd_v0_0182_t4::L3_online_gru,m2063-osd-osd_v0_0182_t4,L3_online_gru,source_role_semantics;parent_feasibility_tier_id;normalized_surface_variant;sampled_obstacle_label
194,m2063-osd-osd_v0_0182_t4::L3_reset_control_corrected,m2063-osd-osd_v0_0182_t4,L3_reset_control_corrected,source_role_semantics;parent_feasibility_tier_id;normalized_surface_variant;sampled_obstacle_label
195,m2063-osd-osd_v0_0183_t4::L0_current_masked,m2063-osd-osd_v0_0183_t4,L0_current_masked,source_role_semantics;parent_feasibility_tier_id;normalized_surface_variant;sampled_obstacle_label
196,m2063-osd-osd_v0_0183_t4::L1_one_step,m2063-osd-osd_v0_0183_t4,L1_one_step,source_role_semantics;parent_feasibility_tier_id;normalized_surface_variant;sampled_obstacle_label
197,m2063-osd-osd_v0_0183_t4::L2_window_50,m2063-osd-osd_v0_0183_t4,L2_window_50,source_role_semantics;parent_feasibility_tier_id;normalized_surface_variant;sampled_obstacle_label
198,m2063-osd-osd_v0_0183_t4::L3_online_gru,m2063-osd-osd_v0_0183_t4,L3_online_gru,source_role_semantics;parent_feasibility_tier_id;normalized_surface_variant;sampled_obstacle_label
199,m2063-osd-osd_v0_0183_t4::L3_reset_control_corrected,m2063-osd-osd_v0_0183_t4,L3_reset_control_corrected,source_role_semantics;parent_feasibility_tier_id;normalized_surface_variant;sampled_obstacle_label
200,m2063-osd-osd_v0_0184_t4::L0_current_masked,m2063-osd-osd_v0_0184_t4,L0_current_masked,source_role_semantics;parent_feasibility_tier_id;normalized_surface_variant;sampled_obstacle_label
201,m2063-osd-osd_v0_0184_t4::L1_one_step,m2063-osd-osd_v0_0184_t4,L1_one_step,source_role_semantics;parent_feasibility_tier_id;normalized_surface_variant;sampled_obstacle_label
202,m2063-osd-osd_v0_0184_t4::L2_window_50,m2063-osd-osd_v0_0184_t4,L2_window_50,source_role_semantics;parent_feasibility_tier_id;normalized_surface_variant;sampled_obstacle_label
203,m2063-osd-osd_v0_0184_t4::L3_online_gru,m2063-osd-osd_v0_0184_t4,L3_online_gru,source_role_semantics;parent_feasibility_tier_id;normalized_surface_variant;sampled_obstacle_label
204,m2063-osd-osd_v0_0184_t4::L3_reset_control_corrected,m2063-osd-osd_v0_0184_t4,L3_reset_control_corrected,source_role_semantics;parent_feasibility_tier_id;normalized_surface_variant;sampled_obstacle_label
205,m2063-osd-osd_v0_0185_t4::L0_current_masked,m2063-osd-osd_v0_0185_t4,L0_current_masked,source_role_semantics;parent_feasibility_tier_id;normalized_surface_variant;sampled_obstacle_label
206,m2063-osd-osd_v0_0185_t4::L1_one_step,m2063-osd-osd_v0_0185_t4,L1_one_step,source_role_semantics;parent_feasibility_tier_id;normalized_surface_variant;sampled_obstacle_label
207,m2063-osd-osd_v0_0185_t4::L2_window_50,m2063-osd-osd_v0_0185_t4,L2_window_50,source_role_semantics;parent_feasibility_tier_id;normalized_surface_variant;sampled_obstacle_label
208,m2063-osd-osd_v0_0185_t4::L3_online_gru,m2063-osd-osd_v0_0185_t4,L3_online_gru,source_role_semantics;parent_feasibility_tier_id;normalized_surface_variant;sampled_obstacle_label
209,m2063-osd-osd_v0_0185_t4::L3_reset_control_corrected,m2063-osd-osd_v0_0185_t4,L3_reset_control_corrected,source_role_semantics;parent_feasibility_tier_id;normalized_surface_variant;sampled_obstacle_label
210,m2063-osd-osd_v0_0186_t4::L0_current_masked,m2063-osd-osd_v0_0186_t4,L0_current_masked,source_role_semantics;parent_feasibility_tier_id;normalized_surface_variant;sampled_obstacle_label
211,m2063-osd-osd_v0_0186_t4::L1_one_step,m2063-osd-osd_v0_0186_t4,L1_one_step,source_role_semantics;parent_feasibility_tier_id;normalized_surface_variant;sampled_obstacle_label
212,m2063-osd-osd_v0_0186_t4::L2_window_50,m2063-osd-osd_v0_0186_t4,L2_window_50,source_role_semantics;parent_feasibility_tier_id;normalized_surface_variant;sampled_obstacle_label
213,m2063-osd-osd_v0_0186_t4::L3_online_gru,m2063-osd-osd_v0_0186_t4,L3_online_gru,source_role_semantics;parent_feasibility_tier_id;normalized_surface_variant;sampled_obstacle_label
214,m2063-osd-osd_v0_0186_t4::L3_reset_control_corrected,m2063-osd-osd_v0_0186_t4,L3_reset_control_corrected,source_role_semantics;parent_feasibility_tier_id;normalized_surface_variant;sampled_obstacle_label
215,m2063-osd-osd_v0_0187_t4::L0_current_masked,m2063-osd-osd_v0_0187_t4,L0_current_masked,source_role_semantics;parent_feasibility_tier_id;normalized_surface_variant;sampled_obstacle_label
216,m2063-osd-osd_v0_0187_t4::L1_one_step,m2063-osd-osd_v0_0187_t4,L1_one_step,source_role_semantics;parent_feasibility_tier_id;normalized_surface_variant;sampled_obstacle_label
217,m2063-osd-osd_v0_0187_t4::L2_window_50,m2063-osd-osd_v0_0187_t4,L2_window_50,source_role_semantics;parent_feasibility_tier_id;normalized_surface_variant;sampled_obstacle_label
218,m2063-osd-osd_v0_0187_t4::L3_online_gru,m2063-osd-osd_v0_0187_t4,L3_online_gru,source_role_semantics;parent_feasibility_tier_id;normalized_surface_variant;sampled_obstacle_label
219,m2063-osd-osd_v0_0187_t4::L3_reset_control_corrected,m2063-osd-osd_v0_0187_t4,L3_reset_control_corrected,source_role_semantics;parent_feasibility_tier_id;normalized_surface_variant;sampled_obstacle_label
220,m2063-osd-osd_v0_0188_t4::L0_current_masked,m2063-osd-osd_v0_0188_t4,L0_current_masked,source_role_semantics;parent_feasibility_tier_id;normalized_surface_variant;sampled_obstacle_label
221,m2063-osd-osd_v0_0188_t4::L1_one_step,m2063-osd-osd_v0_0188_t4,L1_one_step,source_role_semantics;parent_feasibility_tier_id;normalized_surface_variant;sampled_obstacle_label
222,m2063-osd-osd_v0_0188_t4::L2_window_50,m2063-osd-osd_v0_0188_t4,L2_window_50,source_role_semantics;parent_feasibility_tier_id;normalized_surface_variant;sampled_obstacle_label
223,m2063-osd-osd_v0_0188_t4::L3_online_gru,m2063-osd-osd_v0_0188_t4,L3_online_gru,source_role_semantics;parent_feasibility_tier_id;normalized_surface_variant;sampled_obstacle_label
224,m2063-osd-osd_v0_0188_t4::L3_reset_control_corrected,m2063-osd-osd_v0_0188_t4,L3_reset_control_corrected,source_role_semantics;parent_feasibility_tier_id;normalized_surface_variant;sampled_obstacle_label
225,m2063-osd-osd_v0_0189_t4::L0_current_masked,m2063-osd-osd_v0_0189_t4,L0_current_masked,source_role_semantics;parent_feasibility_tier_id;normalized_surface_variant;sampled_obstacle_label
226,m2063-osd-osd_v0_0189_t4::L1_one_step,m2063-osd-osd_v0_0189_t4,L1_one_step,source_role_semantics;parent_feasibility_tier_id;normalized_surface_variant;sampled_obstacle_label
227,m2063-osd-osd_v0_0189_t4::L2_window_50,m2063-osd-osd_v0_0189_t4,L2_window_50,source_role_semantics;parent_feasibility_tier_id;normalized_surface_variant;sampled_obstacle_label
228,m2063-osd-osd_v0_0189_t4::L3_online_gru,m2063-osd-osd_v0_0189_t4,L3_online_gru,source_role_semantics;parent_feasibility_tier_id;normalized_surface_variant;sampled_obstacle_label
229,m2063-osd-osd_v0_0189_t4::L3_reset_control_corrected,m2063-osd-osd_v0_0189_t4,L3_reset_control_corrected,source_role_semantics;parent_feasibility_tier_id;normalized_surface_variant;sampled_obstacle_label
230,m2063-osd-osd_v0_0190_t4::L0_current_masked,m2063-osd-osd_v0_0190_t4,L0_current_masked,source_role_semantics;parent_feasibility_tier_id;normalized_surface_variant;sampled_obstacle_label
231,m2063-osd-osd_v0_0190_t4::L1_one_step,m2063-osd-osd_v0_0190_t4,L1_one_step,source_role_semantics;parent_feasibility_tier_id;normalized_surface_variant;sampled_obstacle_label
232,m2063-osd-osd_v0_0190_t4::L2_window_50,m2063-osd-osd_v0_0190_t4,L2_window_50,source_role_semantics;parent_feasibility_tier_id;normalized_surface_variant;sampled_obstacle_label
233,m2063-osd-osd_v0_0190_t4::L3_online_gru,m2063-osd-osd_v0_0190_t4,L3_online_gru,source_role_semantics;parent_feasibility_tier_id;normalized_surface_variant;sampled_obstacle_label
234,m2063-osd-osd_v0_0190_t4::L3_reset_control_corrected,m2063-osd-osd_v0_0190_t4,L3_reset_control_corrected,source_role_semantics;parent_feasibility_tier_id;normalized_surface_variant;sampled_obstacle_label
235,m2063-osd-osd_v0_0191_t4::L0_current_masked,m2063-osd-osd_v0_0191_t4,L0_current_masked,source_role_semantics;parent_feasibility_tier_id;normalized_surface_variant;sampled_obstacle_label
236,m2063-osd-osd_v0_0191_t4::L1_one_step,m2063-osd-osd_v0_0191_t4,L1_one_step,source_role_semantics;parent_feasibility_tier_id;normalized_surface_variant;sampled_obstacle_label
237,m2063-osd-osd_v0_0191_t4::L2_window_50,m2063-osd-osd_v0_0191_t4,L2_window_50,source_role_semantics;parent_feasibility_tier_id;normalized_surface_variant;sampled_obstacle_label
238,m2063-osd-osd_v0_0191_t4::L3_online_gru,m2063-osd-osd_v0_0191_t4,L3_online_gru,source_role_semantics;parent_feasibility_tier_id;normalized_surface_variant;sampled_obstacle_label
239,m2063-osd-osd_v0_0191_t4::L3_reset_control_corrected,m2063-osd-osd_v0_0191_t4,L3_reset_control_corrected,source_role_semantics;parent_feasibility_tier_id;normalized_surface_variant;sampled_obstacle_label
240,m2063-osd-osd_v0_0192_t4::L0_current_masked,m2063-osd-osd_v0_0192_t4,L0_current_masked,source_role_semantics;parent_feasibility_tier_id;normalized_surface_variant;sampled_obstacle_label
241,m2063-osd-osd_v0_0192_t4::L1_one_step,m2063-osd-osd_v0_0192_t4,L1_one_step,source_role_semantics;parent_feasibility_tier_id;normalized_surface_variant;sampled_obstacle_label
242,m2063-osd-osd_v0_0192_t4::L2_window_50,m2063-osd-osd_v0_0192_t4,L2_window_50,source_role_semantics;parent_feasibility_tier_id;normalized_surface_variant;sampled_obstacle_label
243,m2063-osd-osd_v0_0192_t4::L3_online_gru,m2063-osd-osd_v0_0192_t4,L3_online_gru,source_role_semantics;parent_feasibility_tier_id;normalized_surface_variant;sampled_obstacle_label
244,m2063-osd-osd_v0_0192_t4::L3_reset_control_corrected,m2063-osd-osd_v0_0192_t4,L3_reset_control_corrected,source_role_semantics;parent_feasibility_tier_id;normalized_surface_variant;sampled_obstacle_label
245,m2063-osd-osd_v0_0193_t4::L0_current_masked,m2063-osd-osd_v0_0193_t4,L0_current_masked,source_role_semantics;parent_feasibility_tier_id;normalized_surface_variant;sampled_obstacle_label
246,m2063-osd-osd_v0_0193_t4::L1_one_step,m2063-osd-osd_v0_0193_t4,L1_one_step,source_role_semantics;parent_feasibility_tier_id;normalized_surface_variant;sampled_obstacle_label
247,m2063-osd-osd_v0_0193_t4::L2_window_50,m2063-osd-osd_v0_0193_t4,L2_window_50,source_role_semantics;parent_feasibility_tier_id;normalized_surface_variant;sampled_obstacle_label
248,m2063-osd-osd_v0_0193_t4::L3_online_gru,m2063-osd-osd_v0_0193_t4,L3_online_gru,source_role_semantics;parent_feasibility_tier_id;normalized_surface_variant;sampled_obstacle_label
249,m2063-osd-osd_v0_0193_t4::L3_reset_control_corrected,m2063-osd-osd_v0_0193_t4,L3_reset_control_corrected,source_role_semantics;parent_feasibility_tier_id;normalized_surface_variant;sampled_obstacle_label
250,m2063-osd-osd_v0_0194_t4::L0_current_masked,m2063-osd-osd_v0_0194_t4,L0_current_masked,source_role_semantics;parent_feasibility_tier_id;normalized_surface_variant;sampled_obstacle_label
251,m2063-osd-osd_v0_0194_t4::L1_one_step,m2063-osd-osd_v0_0194_t4,L1_one_step,source_role_semantics;parent_feasibility_tier_id;normalized_surface_variant;sampled_obstacle_label
252,m2063-osd-osd_v0_0194_t4::L2_window_50,m2063-osd-osd_v0_0194_t4,L2_window_50,source_role_semantics;parent_feasibility_tier_id;normalized_surface_variant;sampled_obstacle_label
253,m2063-osd-osd_v0_0194_t4::L3_online_gru,m2063-osd-osd_v0_0194_t4,L3_online_gru,source_role_semantics;parent_feasibility_tier_id;normalized_surface_variant;sampled_obstacle_label
254,m2063-osd-osd_v0_0194_t4::L3_reset_control_corrected,m2063-osd-osd_v0_0194_t4,L3_reset_control_corrected,source_role_semantics;parent_feasibility_tier_id;normalized_surface_variant;sampled_obstacle_label
255,m2063-osd-osd_v0_0195_t4::L0_current_masked,m2063-osd-osd_v0_0195_t4,L0_current_masked,source_role_semantics;parent_feasibility_tier_id;normalized_surface_variant;sampled_obstacle_label
256,m2063-osd-osd_v0_0195_t4::L1_one_step,m2063-osd-osd_v0_0195_t4,L1_one_step,source_role_semantics;parent_feasibility_tier_id;normalized_surface_variant;sampled_obstacle_label
257,m2063-osd-osd_v0_0195_t4::L2_window_50,m2063-osd-osd_v0_0195_t4,L2_window_50,source_role_semantics;parent_feasibility_tier_id;normalized_surface_variant;sampled_obstacle_label
258,m2063-osd-osd_v0_0195_t4::L3_online_gru,m2063-osd-osd_v0_0195_t4,L3_online_gru,source_role_semantics;parent_feasibility_tier_id;normalized_surface_variant;sampled_obstacle_label
259,m2063-osd-osd_v0_0195_t4::L3_reset_control_corrected,m2063-osd-osd_v0_0195_t4,L3_reset_control_corrected,source_role_semantics;parent_feasibility_tier_id;normalized_surface_variant;sampled_obstacle_label
260,m2063-osd-osd_v0_0196_t4::L0_current_masked,m2063-osd-osd_v0_0196_t4,L0_current_masked,source_role_semantics;parent_feasibility_tier_id;normalized_surface_variant;sampled_obstacle_label
261,m2063-osd-osd_v0_0196_t4::L1_one_step,m2063-osd-osd_v0_0196_t4,L1_one_step,source_role_semantics;parent_feasibility_tier_id;normalized_surface_variant;sampled_obstacle_label
262,m2063-osd-osd_v0_0196_t4::L2_window_50,m2063-osd-osd_v0_0196_t4,L2_window_50,source_role_semantics;parent_feasibility_tier_id;normalized_surface_variant;sampled_obstacle_label
263,m2063-osd-osd_v0_0196_t4::L3_online_gru,m2063-osd-osd_v0_0196_t4,L3_online_gru,source_role_semantics;parent_feasibility_tier_id;normalized_surface_variant;sampled_obstacle_label
264,m2063-osd-osd_v0_0196_t4::L3_reset_control_corrected,m2063-osd-osd_v0_0196_t4,L3_reset_control_corrected,source_role_semantics;parent_feasibility_tier_id;normalized_surface_variant;sampled_obstacle_label
265,m2063-osd-osd_v0_0197_t4::L0_current_masked,m2063-osd-osd_v0_0197_t4,L0_current_masked,source_role_semantics;parent_feasibility_tier_id;normalized_surface_variant;sampled_obstacle_label
266,m2063-osd-osd_v0_0197_t4::L1_one_step,m2063-osd-osd_v0_0197_t4,L1_one_step,source_role_semantics;parent_feasibility_tier_id;normalized_surface_variant;sampled_obstacle_label
267,m2063-osd-osd_v0_0197_t4::L2_window_50,m2063-osd-osd_v0_0197_t4,L2_window_50,source_role_semantics;parent_feasibility_tier_id;normalized_surface_variant;sampled_obstacle_label
268,m2063-osd-osd_v0_0197_t4::L3_online_gru,m2063-osd-osd_v0_0197_t4,L3_online_gru,source_role_semantics;parent_feasibility_tier_id;normalized_surface_variant;sampled_obstacle_label
269,m2063-osd-osd_v0_0197_t4::L3_reset_control_corrected,m2063-osd-osd_v0_0197_t4,L3_reset_control_corrected,source_role_semantics;parent_feasibility_tier_id;normalized_surface_variant;sampled_obstacle_label
270,m2063-osd-osd_v0_0198_t4::L0_current_masked,m2063-osd-osd_v0_0198_t4,L0_current_masked,source_role_semantics;parent_feasibility_tier_id;normalized_surface_variant;sampled_obstacle_label
271,m2063-osd-osd_v0_0198_t4::L1_one_step,m2063-osd-osd_v0_0198_t4,L1_one_step,source_role_semantics;parent_feasibility_tier_id;normalized_surface_variant;sampled_obstacle_label
272,m2063-osd-osd_v0_0198_t4::L2_window_50,m2063-osd-osd_v0_0198_t4,L2_window_50,source_role_semantics;parent_feasibility_tier_id;normalized_surface_variant;sampled_obstacle_label
273,m2063-osd-osd_v0_0198_t4::L3_online_gru,m2063-osd-osd_v0_0198_t4,L3_online_gru,source_role_semantics;parent_feasibility_tier_id;normalized_surface_variant;sampled_obstacle_label
274,m2063-osd-osd_v0_0198_t4::L3_reset_control_corrected,m2063-osd-osd_v0_0198_t4,L3_reset_control_corrected,source_role_semantics;parent_feasibility_tier_id;normalized_surface_variant;sampled_obstacle_label
275,m2063-osd-osd_v0_0199_t4::L0_current_masked,m2063-osd-osd_v0_0199_t4,L0_current_masked,source_role_semantics;parent_feasibility_tier_id;normalized_surface_variant;sampled_obstacle_label
276,m2063-osd-osd_v0_0199_t4::L1_one_step,m2063-osd-osd_v0_0199_t4,L1_one_step,source_role_semantics;parent_feasibility_tier_id;normalized_surface_variant;sampled_obstacle_label
277,m2063-osd-osd_v0_0199_t4::L2_window_50,m2063-osd-osd_v0_0199_t4,L2_window_50,source_role_semantics;parent_feasibility_tier_id;normalized_surface_variant;sampled_obstacle_label
278,m2063-osd-osd_v0_0199_t4::L3_online_gru,m2063-osd-osd_v0_0199_t4,L3_online_gru,source_role_semantics;parent_feasibility_tier_id;normalized_surface_variant;sampled_obstacle_label
279,m2063-osd-osd_v0_0199_t4::L3_reset_control_corrected,m2063-osd-osd_v0_0199_t4,L3_reset_control_corrected,source_role_semantics;parent_feasibility_tier_id;normalized_surface_variant;sampled_obstacle_label
280,m2063-osd-osd_v0_0200_t4::L0_current_masked,m2063-osd-osd_v0_0200_t4,L0_current_masked,source_role_semantics;parent_feasibility_tier_id;normalized_surface_variant;sampled_obstacle_label
281,m2063-osd-osd_v0_0200_t4::L1_one_step,m2063-osd-osd_v0_0200_t4,L1_one_step,source_role_semantics;parent_feasibility_tier_id;normalized_surface_variant;sampled_obstacle_label
282,m2063-osd-osd_v0_0200_t4::L2_window_50,m2063-osd-osd_v0_0200_t4,L2_window_50,source_role_semantics;parent_feasibility_tier_id;normalized_surface_variant;sampled_obstacle_label
283,m2063-osd-osd_v0_0200_t4::L3_online_gru,m2063-osd-osd_v0_0200_t4,L3_online_gru,source_role_semantics;parent_feasibility_tier_id;normalized_surface_variant;sampled_obstacle_label
284,m2063-osd-osd_v0_0200_t4::L3_reset_control_corrected,m2063-osd-osd_v0_0200_t4,L3_reset_control_corrected,source_role_semantics;parent_feasibility_tier_id;normalized_surface_variant;sampled_obstacle_label
285,m2063-osd-osd_v0_0201_t4::L0_current_masked,m2063-osd-osd_v0_0201_t4,L0_current_masked,source_role_semantics;parent_feasibility_tier_id;normalized_surface_variant;sampled_obstacle_label
286,m2063-osd-osd_v0_0201_t4::L1_one_step,m2063-osd-osd_v0_0201_t4,L1_one_step,source_role_semantics;parent_feasibility_tier_id;normalized_surface_variant;sampled_obstacle_label
287,m2063-osd-osd_v0_0201_t4::L2_window_50,m2063-osd-osd_v0_0201_t4,L2_window_50,source_role_semantics;parent_feasibility_tier_id;normalized_surface_variant;sampled_obstacle_label
288,m2063-osd-osd_v0_0201_t4::L3_online_gru,m2063-osd-osd_v0_0201_t4,L3_online_gru,source_role_semantics;parent_feasibility_tier_id;normalized_surface_variant;sampled_obstacle_label
289,m2063-osd-osd_v0_0201_t4::L3_reset_control_corrected,m2063-osd-osd_v0_0201_t4,L3_reset_control_corrected,source_role_semantics;parent_feasibility_tier_id;normalized_surface_variant;sampled_obstacle_label
290,m2063-osd-osd_v0_0202_t4::L0_current_masked,m2063-osd-osd_v0_0202_t4,L0_current_masked,source_role_semantics;parent_feasibility_tier_id;normalized_surface_variant;sampled_obstacle_label
291,m2063-osd-osd_v0_0202_t4::L1_one_step,m2063-osd-osd_v0_0202_t4,L1_one_step,source_role_semantics;parent_feasibility_tier_id;normalized_surface_variant;sampled_obstacle_label
292,m2063-osd-osd_v0_0202_t4::L2_window_50,m2063-osd-osd_v0_0202_t4,L2_window_50,source_role_semantics;parent_feasibility_tier_id;normalized_surface_variant;sampled_obstacle_label
293,m2063-osd-osd_v0_0202_t4::L3_online_gru,m2063-osd-osd_v0_0202_t4,L3_online_gru,source_role_semantics;parent_feasibility_tier_id;normalized_surface_variant;sampled_obstacle_label
294,m2063-osd-osd_v0_0202_t4::L3_reset_control_corrected,m2063-osd-osd_v0_0202_t4,L3_reset_control_corrected,source_role_semantics;parent_feasibility_tier_id;normalized_surface_variant;sampled_obstacle_label
295,m2063-osd-osd_v0_0203_t4::L0_current_masked,m2063-osd-osd_v0_0203_t4,L0_current_masked,source_role_semantics;parent_feasibility_tier_id;normalized_surface_variant;sampled_obstacle_label
296,m2063-osd-osd_v0_0203_t4::L1_one_step,m2063-osd-osd_v0_0203_t4,L1_one_step,source_role_semantics;parent_feasibility_tier_id;normalized_surface_variant;sampled_obstacle_label
297,m2063-osd-osd_v0_0203_t4::L2_window_50,m2063-osd-osd_v0_0203_t4,L2_window_50,source_role_semantics;parent_feasibility_tier_id;normalized_surface_variant;sampled_obstacle_label
298,m2063-osd-osd_v0_0203_t4::L3_online_gru,m2063-osd-osd_v0_0203_t4,L3_online_gru,source_role_semantics;parent_feasibility_tier_id;normalized_surface_variant;sampled_obstacle_label
299,m2063-osd-osd_v0_0203_t4::L3_reset_control_corrected,m2063-osd-osd_v0_0203_t4,L3_reset_control_corrected,source_role_semantics;parent_feasibility_tier_id;normalized_surface_variant;sampled_obstacle_label
300,m2063-osd-osd_v0_0204_t5::L0_current_masked,m2063-osd-osd_v0_0204_t5,L0_current_masked,source_role_semantics;parent_feasibility_tier_id;normalized_surface_variant;sampled_obstacle_label
301,m2063-osd-osd_v0_0204_t5::L1_one_step,m2063-osd-osd_v0_0204_t5,L1_one_step,source_role_semantics;parent_feasibility_tier_id;normalized_surface_variant;sampled_obstacle_label
302,m2063-osd-osd_v0_0204_t5::L2_window_50,m2063-osd-osd_v0_0204_t5,L2_window_50,source_role_semantics;parent_feasibility_tier_id;normalized_surface_variant;sampled_obstacle_label
303,m2063-osd-osd_v0_0204_t5::L3_online_gru,m2063-osd-osd_v0_0204_t5,L3_online_gru,source_role_semantics;parent_feasibility_tier_id;normalized_surface_variant;sampled_obstacle_label
304,m2063-osd-osd_v0_0204_t5::L3_reset_control_corrected,m2063-osd-osd_v0_0204_t5,L3_reset_control_corrected,source_role_semantics;parent_feasibility_tier_id;normalized_surface_variant;sampled_obstacle_label
305,m2063-osd-osd_v0_0205_t5::L0_current_masked,m2063-osd-osd_v0_0205_t5,L0_current_masked,source_role_semantics;parent_feasibility_tier_id;normalized_surface_variant;sampled_obstacle_label
306,m2063-osd-osd_v0_0205_t5::L1_one_step,m2063-osd-osd_v0_0205_t5,L1_one_step,source_role_semantics;parent_feasibility_tier_id;normalized_surface_variant;sampled_obstacle_label
307,m2063-osd-osd_v0_0205_t5::L2_window_50,m2063-osd-osd_v0_0205_t5,L2_window_50,source_role_semantics;parent_feasibility_tier_id;normalized_surface_variant;sampled_obstacle_label
308,m2063-osd-osd_v0_0205_t5::L3_online_gru,m2063-osd-osd_v0_0205_t5,L3_online_gru,source_role_semantics;parent_feasibility_tier_id;normalized_surface_variant;sampled_obstacle_label
309,m2063-osd-osd_v0_0205_t5::L3_reset_control_corrected,m2063-osd-osd_v0_0205_t5,L3_reset_control_corrected,source_role_semantics;parent_feasibility_tier_id;normalized_surface_variant;sampled_obstacle_label
310,m2063-osd-osd_v0_0206_t5::L0_current_masked,m2063-osd-osd_v0_0206_t5,L0_current_masked,source_role_semantics;parent_feasibility_tier_id;normalized_surface_variant;sampled_obstacle_label
311,m2063-osd-osd_v0_0206_t5::L1_one_step,m2063-osd-osd_v0_0206_t5,L1_one_step,source_role_semantics;parent_feasibility_tier_id;normalized_surface_variant;sampled_obstacle_label
312,m2063-osd-osd_v0_0206_t5::L2_window_50,m2063-osd-osd_v0_0206_t5,L2_window_50,source_role_semantics;parent_feasibility_tier_id;normalized_surface_variant;sampled_obstacle_label
313,m2063-osd-osd_v0_0206_t5::L3_online_gru,m2063-osd-osd_v0_0206_t5,L3_online_gru,source_role_semantics;parent_feasibility_tier_id;normalized_surface_variant;sampled_obstacle_label
314,m2063-osd-osd_v0_0206_t5::L3_reset_control_corrected,m2063-osd-osd_v0_0206_t5,L3_reset_control_corrected,source_role_semantics;parent_feasibility_tier_id;normalized_surface_variant;sampled_obstacle_label
315,m2063-osd-osd_v0_0207_t5::L0_current_masked,m2063-osd-osd_v0_0207_t5,L0_current_masked,source_role_semantics;parent_feasibility_tier_id;normalized_surface_variant;sampled_obstacle_label
316,m2063-osd-osd_v0_0207_t5::L1_one_step,m2063-osd-osd_v0_0207_t5,L1_one_step,source_role_semantics;parent_feasibility_tier_id;normalized_surface_variant;sampled_obstacle_label
317,m2063-osd-osd_v0_0207_t5::L2_window_50,m2063-osd-osd_v0_0207_t5,L2_window_50,source_role_semantics;parent_feasibility_tier_id;normalized_surface_variant;sampled_obstacle_label
318,m2063-osd-osd_v0_0207_t5::L3_online_gru,m2063-osd-osd_v0_0207_t5,L3_online_gru,source_role_semantics;parent_feasibility_tier_id;normalized_surface_variant;sampled_obstacle_label
319,m2063-osd-osd_v0_0207_t5::L3_reset_control_corrected,m2063-osd-osd_v0_0207_t5,L3_reset_control_corrected,source_role_semantics;parent_feasibility_tier_id;normalized_surface_variant;sampled_obstacle_label
320,m2063-osd-osd_v0_0208_t5::L0_current_masked,m2063-osd-osd_v0_0208_t5,L0_current_masked,source_role_semantics;parent_feasibility_tier_id;normalized_surface_variant;sampled_obstacle_label
321,m2063-osd-osd_v0_0208_t5::L1_one_step,m2063-osd-osd_v0_0208_t5,L1_one_step,source_role_semantics;parent_feasibility_tier_id;normalized_surface_variant;sampled_obstacle_label
322,m2063-osd-osd_v0_0208_t5::L2_window_50,m2063-osd-osd_v0_0208_t5,L2_window_50,source_role_semantics;parent_feasibility_tier_id;normalized_surface_variant;sampled_obstacle_label
323,m2063-osd-osd_v0_0208_t5::L3_online_gru,m2063-osd-osd_v0_0208_t5,L3_online_gru,source_role_semantics;parent_feasibility_tier_id;normalized_surface_variant;sampled_obstacle_label
324,m2063-osd-osd_v0_0208_t5::L3_reset_control_corrected,m2063-osd-osd_v0_0208_t5,L3_reset_control_corrected,source_role_semantics;parent_feasibility_tier_id;normalized_surface_variant;sampled_obstacle_label
325,m2063-osd-osd_v0_0209_t5::L0_current_masked,m2063-osd-osd_v0_0209_t5,L0_current_masked,source_role_semantics;parent_feasibility_tier_id;normalized_surface_variant;sampled_obstacle_label
326,m2063-osd-osd_v0_0209_t5::L1_one_step,m2063-osd-osd_v0_0209_t5,L1_one_step,source_role_semantics;parent_feasibility_tier_id;normalized_surface_variant;sampled_obstacle_label
327,m2063-osd-osd_v0_0209_t5::L2_window_50,m2063-osd-osd_v0_0209_t5,L2_window_50,source_role_semantics;parent_feasibility_tier_id;normalized_surface_variant;sampled_obstacle_label
328,m2063-osd-osd_v0_0209_t5::L3_online_gru,m2063-osd-osd_v0_0209_t5,L3_online_gru,source_role_semantics;parent_feasibility_tier_id;normalized_surface_variant;sampled_obstacle_label
329,m2063-osd-osd_v0_0209_t5::L3_reset_control_corrected,m2063-osd-osd_v0_0209_t5,L3_reset_control_corrected,source_role_semantics;parent_feasibility_tier_id;normalized_surface_variant;sampled_obstacle_label
330,m2063-osd-osd_v0_0210_t5::L0_current_masked,m2063-osd-osd_v0_0210_t5,L0_current_masked,source_role_semantics;parent_feasibility_tier_id;normalized_surface_variant;sampled_obstacle_label
331,m2063-osd-osd_v0_0210_t5::L1_one_step,m2063-osd-osd_v0_0210_t5,L1_one_step,source_role_semantics;parent_feasibility_tier_id;normalized_surface_variant;sampled_obstacle_label
332,m2063-osd-osd_v0_0210_t5::L2_window_50,m2063-osd-osd_v0_0210_t5,L2_window_50,source_role_semantics;parent_feasibility_tier_id;normalized_surface_variant;sampled_obstacle_label
333,m2063-osd-osd_v0_0210_t5::L3_online_gru,m2063-osd-osd_v0_0210_t5,L3_online_gru,source_role_semantics;parent_feasibility_tier_id;normalized_surface_variant;sampled_obstacle_label
334,m2063-osd-osd_v0_0210_t5::L3_reset_control_corrected,m2063-osd-osd_v0_0210_t5,L3_reset_control_corrected,source_role_semantics;parent_feasibility_tier_id;normalized_surface_variant;sampled_obstacle_label
335,m2063-osd-osd_v0_0211_t5::L0_current_masked,m2063-osd-osd_v0_0211_t5,L0_current_masked,source_role_semantics;parent_feasibility_tier_id;normalized_surface_variant;sampled_obstacle_label
336,m2063-osd-osd_v0_0211_t5::L1_one_step,m2063-osd-osd_v0_0211_t5,L1_one_step,source_role_semantics;parent_feasibility_tier_id;normalized_surface_variant;sampled_obstacle_label
337,m2063-osd-osd_v0_0211_t5::L2_window_50,m2063-osd-osd_v0_0211_t5,L2_window_50,source_role_semantics;parent_feasibility_tier_id;normalized_surface_variant;sampled_obstacle_label
338,m2063-osd-osd_v0_0211_t5::L3_online_gru,m2063-osd-osd_v0_0211_t5,L3_online_gru,source_role_semantics;parent_feasibility_tier_id;normalized_surface_variant;sampled_obstacle_label
339,m2063-osd-osd_v0_0211_t5::L3_reset_control_corrected,m2063-osd-osd_v0_0211_t5,L3_reset_control_corrected,source_role_semantics;parent_feasibility_tier_id;normalized_surface_variant;sampled_obstacle_label
340,m2063-osd-osd_v0_0212_t5::L0_current_masked,m2063-osd-osd_v0_0212_t5,L0_current_masked,source_role_semantics;parent_feasibility_tier_id;normalized_surface_variant;sampled_obstacle_label
341,m2063-osd-osd_v0_0212_t5::L1_one_step,m2063-osd-osd_v0_0212_t5,L1_one_step,source_role_semantics;parent_feasibility_tier_id;normalized_surface_variant;sampled_obstacle_label
342,m2063-osd-osd_v0_0212_t5::L2_window_50,m2063-osd-osd_v0_0212_t5,L2_window_50,source_role_semantics;parent_feasibility_tier_id;normalized_surface_variant;sampled_obstacle_label
343,m2063-osd-osd_v0_0212_t5::L3_online_gru,m2063-osd-osd_v0_0212_t5,L3_online_gru,source_role_semantics;parent_feasibility_tier_id;normalized_surface_variant;sampled_obstacle_label
344,m2063-osd-osd_v0_0212_t5::L3_reset_control_corrected,m2063-osd-osd_v0_0212_t5,L3_reset_control_corrected,source_role_semantics;parent_feasibility_tier_id;normalized_surface_variant;sampled_obstacle_label
345,m2063-osd-osd_v0_0213_t5::L0_current_masked,m2063-osd-osd_v0_0213_t5,L0_current_masked,source_role_semantics;parent_feasibility_tier_id;normalized_surface_variant;sampled_obstacle_label
346,m2063-osd-osd_v0_0213_t5::L1_one_step,m2063-osd-osd_v0_0213_t5,L1_one_step,source_role_semantics;parent_feasibility_tier_id;normalized_surface_variant;sampled_obstacle_label
347,m2063-osd-osd_v0_0213_t5::L2_window_50,m2063-osd-osd_v0_0213_t5,L2_window_50,source_role_semantics;parent_feasibility_tier_id;normalized_surface_variant;sampled_obstacle_label
348,m2063-osd-osd_v0_0213_t5::L3_online_gru,m2063-osd-osd_v0_0213_t5,L3_online_gru,source_role_semantics;parent_feasibility_tier_id;normalized_surface_variant;sampled_obstacle_label
349,m2063-osd-osd_v0_0213_t5::L3_reset_control_corrected,m2063-osd-osd_v0_0213_t5,L3_reset_control_corrected,source_role_semantics;parent_feasibility_tier_id;normalized_surface_variant;sampled_obstacle_label
350,m2063-osd-osd_v0_0214_t5::L0_current_masked,m2063-osd-osd_v0_0214_t5,L0_current_masked,source_role_semantics;parent_feasibility_tier_id;normalized_surface_variant;sampled_obstacle_label
351,m2063-osd-osd_v0_0214_t5::L1_one_step,m2063-osd-osd_v0_0214_t5,L1_one_step,source_role_semantics;parent_feasibility_tier_id;normalized_surface_variant;sampled_obstacle_label
352,m2063-osd-osd_v0_0214_t5::L2_window_50,m2063-osd-osd_v0_0214_t5,L2_window_50,source_role_semantics;parent_feasibility_tier_id;normalized_surface_variant;sampled_obstacle_label
353,m2063-osd-osd_v0_0214_t5::L3_online_gru,m2063-osd-osd_v0_0214_t5,L3_online_gru,source_role_semantics;parent_feasibility_tier_id;normalized_surface_variant;sampled_obstacle_label
354,m2063-osd-osd_v0_0214_t5::L3_reset_control_corrected,m2063-osd-osd_v0_0214_t5,L3_reset_control_corrected,source_role_semantics;parent_feasibility_tier_id;normalized_surface_variant;sampled_obstacle_label
355,m2063-osd-osd_v0_0215_t5::L0_current_masked,m2063-osd-osd_v0_0215_t5,L0_current_masked,source_role_semantics;parent_feasibility_tier_id;normalized_surface_variant;sampled_obstacle_label
356,m2063-osd-osd_v0_0215_t5::L1_one_step,m2063-osd-osd_v0_0215_t5,L1_one_step,source_role_semantics;parent_feasibility_tier_id;normalized_surface_variant;sampled_obstacle_label
357,m2063-osd-osd_v0_0215_t5::L2_window_50,m2063-osd-osd_v0_0215_t5,L2_window_50,source_role_semantics;parent_feasibility_tier_id;normalized_surface_variant;sampled_obstacle_label
358,m2063-osd-osd_v0_0215_t5::L3_online_gru,m2063-osd-osd_v0_0215_t5,L3_online_gru,source_role_semantics;parent_feasibility_tier_id;normalized_surface_variant;sampled_obstacle_label
359,m2063-osd-osd_v0_0215_t5::L3_reset_control_corrected,m2063-osd-osd_v0_0215_t5,L3_reset_control_corrected,source_role_semantics;parent_feasibility_tier_id;normalized_surface_variant;sampled_obstacle_label
360,m2063-osd-osd_v0_0216_t5::L0_current_masked,m2063-osd-osd_v0_0216_t5,L0_current_masked,source_role_semantics;parent_feasibility_tier_id;normalized_surface_variant;sampled_obstacle_label
361,m2063-osd-osd_v0_0216_t5::L1_one_step,m2063-osd-osd_v0_0216_t5,L1_one_step,source_role_semantics;parent_feasibility_tier_id;normalized_surface_variant;sampled_obstacle_label
362,m2063-osd-osd_v0_0216_t5::L2_window_50,m2063-osd-osd_v0_0216_t5,L2_window_50,source_role_semantics;parent_feasibility_tier_id;normalized_surface_variant;sampled_obstacle_label
363,m2063-osd-osd_v0_0216_t5::L3_online_gru,m2063-osd-osd_v0_0216_t5,L3_online_gru,source_role_semantics;parent_feasibility_tier_id;normalized_surface_variant;sampled_obstacle_label
364,m2063-osd-osd_v0_0216_t5::L3_reset_control_corrected,m2063-osd-osd_v0_0216_t5,L3_reset_control_corrected,source_role_semantics;parent_feasibility_tier_id;normalized_surface_variant;sampled_obstacle_label
365,m2063-osd-osd_v0_0217_t5::L0_current_masked,m2063-osd-osd_v0_0217_t5,L0_current_masked,source_role_semantics;parent_feasibility_tier_id;normalized_surface_variant;sampled_obstacle_label
366,m2063-osd-osd_v0_0217_t5::L1_one_step,m2063-osd-osd_v0_0217_t5,L1_one_step,source_role_semantics;parent_feasibility_tier_id;normalized_surface_variant;sampled_obstacle_label
367,m2063-osd-osd_v0_0217_t5::L2_window_50,m2063-osd-osd_v0_0217_t5,L2_window_50,source_role_semantics;parent_feasibility_tier_id;normalized_surface_variant;sampled_obstacle_label
368,m2063-osd-osd_v0_0217_t5::L3_online_gru,m2063-osd-osd_v0_0217_t5,L3_online_gru,source_role_semantics;parent_feasibility_tier_id;normalized_surface_variant;sampled_obstacle_label
369,m2063-osd-osd_v0_0217_t5::L3_reset_control_corrected,m2063-osd-osd_v0_0217_t5,L3_reset_control_corrected,source_role_semantics;parent_feasibility_tier_id;normalized_surface_variant;sampled_obstacle_label
370,m2063-osd-osd_v0_0218_t5::L0_current_masked,m2063-osd-osd_v0_0218_t5,L0_current_masked,source_role_semantics;parent_feasibility_tier_id;normalized_surface_variant;sampled_obstacle_label
371,m2063-osd-osd_v0_0218_t5::L1_one_step,m2063-osd-osd_v0_0218_t5,L1_one_step,source_role_semantics;parent_feasibility_tier_id;normalized_surface_variant;sampled_obstacle_label
372,m2063-osd-osd_v0_0218_t5::L2_window_50,m2063-osd-osd_v0_0218_t5,L2_window_50,source_role_semantics;parent_feasibility_tier_id;normalized_surface_variant;sampled_obstacle_label
373,m2063-osd-osd_v0_0218_t5::L3_online_gru,m2063-osd-osd_v0_0218_t5,L3_online_gru,source_role_semantics;parent_feasibility_tier_id;normalized_surface_variant;sampled_obstacle_label
374,m2063-osd-osd_v0_0218_t5::L3_reset_control_corrected,m2063-osd-osd_v0_0218_t5,L3_reset_control_corrected,source_role_semantics;parent_feasibility_tier_id;normalized_surface_variant;sampled_obstacle_label
375,m2063-osd-osd_v0_0219_t5::L0_current_masked,m2063-osd-osd_v0_0219_t5,L0_current_masked,source_role_semantics;parent_feasibility_tier_id;normalized_surface_variant;sampled_obstacle_label
376,m2063-osd-osd_v0_0219_t5::L1_one_step,m2063-osd-osd_v0_0219_t5,L1_one_step,source_role_semantics;parent_feasibility_tier_id;normalized_surface_variant;sampled_obstacle_label
377,m2063-osd-osd_v0_0219_t5::L2_window_50,m2063-osd-osd_v0_0219_t5,L2_window_50,source_role_semantics;parent_feasibility_tier_id;normalized_surface_variant;sampled_obstacle_label
378,m2063-osd-osd_v0_0219_t5::L3_online_gru,m2063-osd-osd_v0_0219_t5,L3_online_gru,source_role_semantics;parent_feasibility_tier_id;normalized_surface_variant;sampled_obstacle_label
379,m2063-osd-osd_v0_0219_t5::L3_reset_control_corrected,m2063-osd-osd_v0_0219_t5,L3_reset_control_corrected,source_role_semantics;parent_feasibility_tier_id;normalized_surface_variant;sampled_obstacle_label
380,m2063-osd-osd_v0_0220_t5::L0_current_masked,m2063-osd-osd_v0_0220_t5,L0_current_masked,source_role_semantics;parent_feasibility_tier_id;normalized_surface_variant;sampled_obstacle_label
381,m2063-osd-osd_v0_0220_t5::L1_one_step,m2063-osd-osd_v0_0220_t5,L1_one_step,source_role_semantics;parent_feasibility_tier_id;normalized_surface_variant;sampled_obstacle_label
382,m2063-osd-osd_v0_0220_t5::L2_window_50,m2063-osd-osd_v0_0220_t5,L2_window_50,source_role_semantics;parent_feasibility_tier_id;normalized_surface_variant;sampled_obstacle_label
383,m2063-osd-osd_v0_0220_t5::L3_online_gru,m2063-osd-osd_v0_0220_t5,L3_online_gru,source_role_semantics;parent_feasibility_tier_id;normalized_surface_variant;sampled_obstacle_label
384,m2063-osd-osd_v0_0220_t5::L3_reset_control_corrected,m2063-osd-osd_v0_0220_t5,L3_reset_control_corrected,source_role_semantics;parent_feasibility_tier_id;normalized_surface_variant;sampled_obstacle_label
385,m2063-osd-osd_v0_0221_t5::L0_current_masked,m2063-osd-osd_v0_0221_t5,L0_current_masked,source_role_semantics;parent_feasibility_tier_id;normalized_surface_variant;sampled_obstacle_label
386,m2063-osd-osd_v0_0221_t5::L1_one_step,m2063-osd-osd_v0_0221_t5,L1_one_step,source_role_semantics;parent_feasibility_tier_id;normalized_surface_variant;sampled_obstacle_label
387,m2063-osd-osd_v0_0221_t5::L2_window_50,m2063-osd-osd_v0_0221_t5,L2_window_50,source_role_semantics;parent_feasibility_tier_id;normalized_surface_variant;sampled_obstacle_label
388,m2063-osd-osd_v0_0221_t5::L3_online_gru,m2063-osd-osd_v0_0221_t5,L3_online_gru,source_role_semantics;parent_feasibility_tier_id;normalized_surface_variant;sampled_obstacle_label
389,m2063-osd-osd_v0_0221_t5::L3_reset_control_corrected,m2063-osd-osd_v0_0221_t5,L3_reset_control_corrected,source_role_semantics;parent_feasibility_tier_id;normalized_surface_variant;sampled_obstacle_label
390,m2063-osd-osd_v0_0222_t5::L0_current_masked,m2063-osd-osd_v0_0222_t5,L0_current_masked,source_role_semantics;parent_feasibility_tier_id;normalized_surface_variant;sampled_obstacle_label
391,m2063-osd-osd_v0_0222_t5::L1_one_step,m2063-osd-osd_v0_0222_t5,L1_one_step,source_role_semantics;parent_feasibility_tier_id;normalized_surface_variant;sampled_obstacle_label
392,m2063-osd-osd_v0_0222_t5::L2_window_50,m2063-osd-osd_v0_0222_t5,L2_window_50,source_role_semantics;parent_feasibility_tier_id;normalized_surface_variant;sampled_obstacle_label
393,m2063-osd-osd_v0_0222_t5::L3_online_gru,m2063-osd-osd_v0_0222_t5,L3_online_gru,source_role_semantics;parent_feasibility_tier_id;normalized_surface_variant;sampled_obstacle_label
394,m2063-osd-osd_v0_0222_t5::L3_reset_control_corrected,m2063-osd-osd_v0_0222_t5,L3_reset_control_corrected,source_role_semantics;parent_feasibility_tier_id;normalized_surface_variant;sampled_obstacle_label
395,m2063-osd-osd_v0_0223_t5::L0_current_masked,m2063-osd-osd_v0_0223_t5,L0_current_masked,source_role_semantics;parent_feasibility_tier_id;normalized_surface_variant;sampled_obstacle_label
396,m2063-osd-osd_v0_0223_t5::L1_one_step,m2063-osd-osd_v0_0223_t5,L1_one_step,source_role_semantics;parent_feasibility_tier_id;normalized_surface_variant;sampled_obstacle_label
397,m2063-osd-osd_v0_0223_t5::L2_window_50,m2063-osd-osd_v0_0223_t5,L2_window_50,source_role_semantics;parent_feasibility_tier_id;normalized_surface_variant;sampled_obstacle_label
398,m2063-osd-osd_v0_0223_t5::L3_online_gru,m2063-osd-osd_v0_0223_t5,L3_online_gru,source_role_semantics;parent_feasibility_tier_id;normalized_surface_variant;sampled_obstacle_label
399,m2063-osd-osd_v0_0223_t5::L3_reset_control_corrected,m2063-osd-osd_v0_0223_t5,L3_reset_control_corrected,source_role_semantics;parent_feasibility_tier_id;normalized_surface_variant;sampled_obstacle_label
400,m2063-osd-osd_v0_0224_t5::L0_current_masked,m2063-osd-osd_v0_0224_t5,L0_current_masked,source_role_semantics;parent_feasibility_tier_id;normalized_surface_variant;sampled_obstacle_label
401,m2063-osd-osd_v0_0224_t5::L1_one_step,m2063-osd-osd_v0_0224_t5,L1_one_step,source_role_semantics;parent_feasibility_tier_id;normalized_surface_variant;sampled_obstacle_label
402,m2063-osd-osd_v0_0224_t5::L2_window_50,m2063-osd-osd_v0_0224_t5,L2_window_50,source_role_semantics;parent_feasibility_tier_id;normalized_surface_variant;sampled_obstacle_label
403,m2063-osd-osd_v0_0224_t5::L3_online_gru,m2063-osd-osd_v0_0224_t5,L3_online_gru,source_role_semantics;parent_feasibility_tier_id;normalized_surface_variant;sampled_obstacle_label
404,m2063-osd-osd_v0_0224_t5::L3_reset_control_corrected,m2063-osd-osd_v0_0224_t5,L3_reset_control_corrected,source_role_semantics;parent_feasibility_tier_id;normalized_surface_variant;sampled_obstacle_label
405,m2063-osd-osd_v0_0225_t5::L0_current_masked,m2063-osd-osd_v0_0225_t5,L0_current_masked,source_role_semantics;parent_feasibility_tier_id;normalized_surface_variant;sampled_obstacle_label
406,m2063-osd-osd_v0_0225_t5::L1_one_step,m2063-osd-osd_v0_0225_t5,L1_one_step,source_role_semantics;parent_feasibility_tier_id;normalized_surface_variant;sampled_obstacle_label
407,m2063-osd-osd_v0_0225_t5::L2_window_50,m2063-osd-osd_v0_0225_t5,L2_window_50,source_role_semantics;parent_feasibility_tier_id;normalized_surface_variant;sampled_obstacle_label
408,m2063-osd-osd_v0_0225_t5::L3_online_gru,m2063-osd-osd_v0_0225_t5,L3_online_gru,source_role_semantics;parent_feasibility_tier_id;normalized_surface_variant;sampled_obstacle_label
409,m2063-osd-osd_v0_0225_t5::L3_reset_control_corrected,m2063-osd-osd_v0_0225_t5,L3_reset_control_corrected,source_role_semantics;parent_feasibility_tier_id;normalized_surface_variant;sampled_obstacle_label
410,m2063-osd-osd_v0_0226_t5::L0_current_masked,m2063-osd-osd_v0_0226_t5,L0_current_masked,source_role_semantics;parent_feasibility_tier_id;normalized_surface_variant;sampled_obstacle_label
411,m2063-osd-osd_v0_0226_t5::L1_one_step,m2063-osd-osd_v0_0226_t5,L1_one_step,source_role_semantics;parent_feasibility_tier_id;normalized_surface_variant;sampled_obstacle_label
412,m2063-osd-osd_v0_0226_t5::L2_window_50,m2063-osd-osd_v0_0226_t5,L2_window_50,source_role_semantics;parent_feasibility_tier_id;normalized_surface_variant;sampled_obstacle_label
413,m2063-osd-osd_v0_0226_t5::L3_online_gru,m2063-osd-osd_v0_0226_t5,L3_online_gru,source_role_semantics;parent_feasibility_tier_id;normalized_surface_variant;sampled_obstacle_label
414,m2063-osd-osd_v0_0226_t5::L3_reset_control_corrected,m2063-osd-osd_v0_0226_t5,L3_reset_control_corrected,source_role_semantics;parent_feasibility_tier_id;normalized_surface_variant;sampled_obstacle_label
415,m2063-osd-osd_v0_0227_t5::L0_current_masked,m2063-osd-osd_v0_0227_t5,L0_current_masked,source_role_semantics;parent_feasibility_tier_id;normalized_surface_variant;sampled_obstacle_label
416,m2063-osd-osd_v0_0227_t5::L1_one_step,m2063-osd-osd_v0_0227_t5,L1_one_step,source_role_semantics;parent_feasibility_tier_id;normalized_surface_variant;sampled_obstacle_label
417,m2063-osd-osd_v0_0227_t5::L2_window_50,m2063-osd-osd_v0_0227_t5,L2_window_50,source_role_semantics;parent_feasibility_tier_id;normalized_surface_variant;sampled_obstacle_label
418,m2063-osd-osd_v0_0227_t5::L3_online_gru,m2063-osd-osd_v0_0227_t5,L3_online_gru,source_role_semantics;parent_feasibility_tier_id;normalized_surface_variant;sampled_obstacle_label
419,m2063-osd-osd_v0_0227_t5::L3_reset_control_corrected,m2063-osd-osd_v0_0227_t5,L3_reset_control_corrected,source_role_semantics;parent_feasibility_tier_id;normalized_surface_variant;sampled_obstacle_label
420,m2063-osd-osd_v0_0228_t5::L0_current_masked,m2063-osd-osd_v0_0228_t5,L0_current_masked,source_role_semantics;parent_feasibility_tier_id;normalized_surface_variant;sampled_obstacle_label
421,m2063-osd-osd_v0_0228_t5::L1_one_step,m2063-osd-osd_v0_0228_t5,L1_one_step,source_role_semantics;parent_feasibility_tier_id;normalized_surface_variant;sampled_obstacle_label
422,m2063-osd-osd_v0_0228_t5::L2_window_50,m2063-osd-osd_v0_0228_t5,L2_window_50,source_role_semantics;parent_feasibility_tier_id;normalized_surface_variant;sampled_obstacle_label
423,m2063-osd-osd_v0_0228_t5::L3_online_gru,m2063-osd-osd_v0_0228_t5,L3_online_gru,source_role_semantics;parent_feasibility_tier_id;normalized_surface_variant;sampled_obstacle_label
424,m2063-osd-osd_v0_0228_t5::L3_reset_control_corrected,m2063-osd-osd_v0_0228_t5,L3_reset_control_corrected,source_role_semantics;parent_feasibility_tier_id;normalized_surface_variant;sampled_obstacle_label
425,m2063-osd-osd_v0_0229_t5::L0_current_masked,m2063-osd-osd_v0_0229_t5,L0_current_masked,source_role_semantics;parent_feasibility_tier_id;normalized_surface_variant;sampled_obstacle_label
426,m2063-osd-osd_v0_0229_t5::L1_one_step,m2063-osd-osd_v0_0229_t5,L1_one_step,source_role_semantics;parent_feasibility_tier_id;normalized_surface_variant;sampled_obstacle_label
427,m2063-osd-osd_v0_0229_t5::L2_window_50,m2063-osd-osd_v0_0229_t5,L2_window_50,source_role_semantics;parent_feasibility_tier_id;normalized_surface_variant;sampled_obstacle_label
428,m2063-osd-osd_v0_0229_t5::L3_online_gru,m2063-osd-osd_v0_0229_t5,L3_online_gru,source_role_semantics;parent_feasibility_tier_id;normalized_surface_variant;sampled_obstacle_label
429,m2063-osd-osd_v0_0229_t5::L3_reset_control_corrected,m2063-osd-osd_v0_0229_t5,L3_reset_control_corrected,source_role_semantics;parent_feasibility_tier_id;normalized_surface_variant;sampled_obstacle_label
430,m2063-osd-osd_v0_0230_t5::L0_current_masked,m2063-osd-osd_v0_0230_t5,L0_current_masked,source_role_semantics;parent_feasibility_tier_id;normalized_surface_variant;sampled_obstacle_label
431,m2063-osd-osd_v0_0230_t5::L1_one_step,m2063-osd-osd_v0_0230_t5,L1_one_step,source_role_semantics;parent_feasibility_tier_id;normalized_surface_variant;sampled_obstacle_label
432,m2063-osd-osd_v0_0230_t5::L2_window_50,m2063-osd-osd_v0_0230_t5,L2_window_50,source_role_semantics;parent_feasibility_tier_id;normalized_surface_variant;sampled_obstacle_label
433,m2063-osd-osd_v0_0230_t5::L3_online_gru,m2063-osd-osd_v0_0230_t5,L3_online_gru,source_role_semantics;parent_feasibility_tier_id;normalized_surface_variant;sampled_obstacle_label
434,m2063-osd-osd_v0_0230_t5::L3_reset_control_corrected,m2063-osd-osd_v0_0230_t5,L3_reset_control_corrected,source_role_semantics;parent_feasibility_tier_id;normalized_surface_variant;sampled_obstacle_label
435,m2063-osd-osd_v0_0231_t5::L0_current_masked,m2063-osd-osd_v0_0231_t5,L0_current_masked,source_role_semantics;parent_feasibility_tier_id;normalized_surface_variant;sampled_obstacle_label
436,m2063-osd-osd_v0_0231_t5::L1_one_step,m2063-osd-osd_v0_0231_t5,L1_one_step,source_role_semantics;parent_feasibility_tier_id;normalized_surface_variant;sampled_obstacle_label
437,m2063-osd-osd_v0_0231_t5::L2_window_50,m2063-osd-osd_v0_0231_t5,L2_window_50,source_role_semantics;parent_feasibility_tier_id;normalized_surface_variant;sampled_obstacle_label
438,m2063-osd-osd_v0_0231_t5::L3_online_gru,m2063-osd-osd_v0_0231_t5,L3_online_gru,source_role_semantics;parent_feasibility_tier_id;normalized_surface_variant;sampled_obstacle_label
439,m2063-osd-osd_v0_0231_t5::L3_reset_control_corrected,m2063-osd-osd_v0_0231_t5,L3_reset_control_corrected,source_role_semantics;parent_feasibility_tier_id;normalized_surface_variant;sampled_obstacle_label
440,m2063-osd-osd_v0_0232_t5::L0_current_masked,m2063-osd-osd_v0_0232_t5,L0_current_masked,source_role_semantics;parent_feasibility_tier_id;normalized_surface_variant;sampled_obstacle_label
441,m2063-osd-osd_v0_0232_t5::L1_one_step,m2063-osd-osd_v0_0232_t5,L1_one_step,source_role_semantics;parent_feasibility_tier_id;normalized_surface_variant;sampled_obstacle_label
442,m2063-osd-osd_v0_0232_t5::L2_window_50,m2063-osd-osd_v0_0232_t5,L2_window_50,source_role_semantics;parent_feasibility_tier_id;normalized_surface_variant;sampled_obstacle_label
443,m2063-osd-osd_v0_0232_t5::L3_online_gru,m2063-osd-osd_v0_0232_t5,L3_online_gru,source_role_semantics;parent_feasibility_tier_id;normalized_surface_variant;sampled_obstacle_label
444,m2063-osd-osd_v0_0232_t5::L3_reset_control_corrected,m2063-osd-osd_v0_0232_t5,L3_reset_control_corrected,source_role_semantics;parent_feasibility_tier_id;normalized_surface_variant;sampled_obstacle_label
445,m2063-osd-osd_v0_0233_t5::L0_current_masked,m2063-osd-osd_v0_0233_t5,L0_current_masked,source_role_semantics;parent_feasibility_tier_id;normalized_surface_variant;sampled_obstacle_label
446,m2063-osd-osd_v0_0233_t5::L1_one_step,m2063-osd-osd_v0_0233_t5,L1_one_step,source_role_semantics;parent_feasibility_tier_id;normalized_surface_variant;sampled_obstacle_label
447,m2063-osd-osd_v0_0233_t5::L2_window_50,m2063-osd-osd_v0_0233_t5,L2_window_50,source_role_semantics;parent_feasibility_tier_id;normalized_surface_variant;sampled_obstacle_label
448,m2063-osd-osd_v0_0233_t5::L3_online_gru,m2063-osd-osd_v0_0233_t5,L3_online_gru,source_role_semantics;parent_feasibility_tier_id;normalized_surface_variant;sampled_obstacle_label
449,m2063-osd-osd_v0_0233_t5::L3_reset_control_corrected,m2063-osd-osd_v0_0233_t5,L3_reset_control_corrected,source_role_semantics;parent_feasibility_tier_id;normalized_surface_variant;sampled_obstacle_label
450,m2063-osd-osd_v0_0234_t5::L0_current_masked,m2063-osd-osd_v0_0234_t5,L0_current_masked,source_role_semantics;parent_feasibility_tier_id;normalized_surface_variant;sampled_obstacle_label
451,m2063-osd-osd_v0_0234_t5::L1_one_step,m2063-osd-osd_v0_0234_t5,L1_one_step,source_role_semantics;parent_feasibility_tier_id;normalized_surface_variant;sampled_obstacle_label
452,m2063-osd-osd_v0_0234_t5::L2_window_50,m2063-osd-osd_v0_0234_t5,L2_window_50,source_role_semantics;parent_feasibility_tier_id;normalized_surface_variant;sampled_obstacle_label
453,m2063-osd-osd_v0_0234_t5::L3_online_gru,m2063-osd-osd_v0_0234_t5,L3_online_gru,source_role_semantics;parent_feasibility_tier_id;normalized_surface_variant;sampled_obstacle_label
454,m2063-osd-osd_v0_0234_t5::L3_reset_control_corrected,m2063-osd-osd_v0_0234_t5,L3_reset_control_corrected,source_role_semantics;parent_feasibility_tier_id;normalized_surface_variant;sampled_obstacle_label
455,m2063-osd-osd_v0_0235_t5::L0_current_masked,m2063-osd-osd_v0_0235_t5,L0_current_masked,source_role_semantics;parent_feasibility_tier_id;normalized_surface_variant;sampled_obstacle_label
456,m2063-osd-osd_v0_0235_t5::L1_one_step,m2063-osd-osd_v0_0235_t5,L1_one_step,source_role_semantics;parent_feasibility_tier_id;normalized_surface_variant;sampled_obstacle_label
457,m2063-osd-osd_v0_0235_t5::L2_window_50,m2063-osd-osd_v0_0235_t5,L2_window_50,source_role_semantics;parent_feasibility_tier_id;normalized_surface_variant;sampled_obstacle_label
458,m2063-osd-osd_v0_0235_t5::L3_online_gru,m2063-osd-osd_v0_0235_t5,L3_online_gru,source_role_semantics;parent_feasibility_tier_id;normalized_surface_variant;sampled_obstacle_label
459,m2063-osd-osd_v0_0235_t5::L3_reset_control_corrected,m2063-osd-osd_v0_0235_t5,L3_reset_control_corrected,source_role_semantics;parent_feasibility_tier_id;normalized_surface_variant;sampled_obstacle_label
460,m2063-osd-osd_v0_0236_t5::L0_current_masked,m2063-osd-osd_v0_0236_t5,L0_current_masked,source_role_semantics;parent_feasibility_tier_id;normalized_surface_variant;sampled_obstacle_label
461,m2063-osd-osd_v0_0236_t5::L1_one_step,m2063-osd-osd_v0_0236_t5,L1_one_step,source_role_semantics;parent_feasibility_tier_id;normalized_surface_variant;sampled_obstacle_label
462,m2063-osd-osd_v0_0236_t5::L2_window_50,m2063-osd-osd_v0_0236_t5,L2_window_50,source_role_semantics;parent_feasibility_tier_id;normalized_surface_variant;sampled_obstacle_label
463,m2063-osd-osd_v0_0236_t5::L3_online_gru,m2063-osd-osd_v0_0236_t5,L3_online_gru,source_role_semantics;parent_feasibility_tier_id;normalized_surface_variant;sampled_obstacle_label
464,m2063-osd-osd_v0_0236_t5::L3_reset_control_corrected,m2063-osd-osd_v0_0236_t5,L3_reset_control_corrected,source_role_semantics;parent_feasibility_tier_id;normalized_surface_variant;sampled_obstacle_label
465,m2063-osd-osd_v0_0237_t5::L0_current_masked,m2063-osd-osd_v0_0237_t5,L0_current_masked,source_role_semantics;parent_feasibility_tier_id;normalized_surface_variant;sampled_obstacle_label
466,m2063-osd-osd_v0_0237_t5::L1_one_step,m2063-osd-osd_v0_0237_t5,L1_one_step,source_role_semantics;parent_feasibility_tier_id;normalized_surface_variant;sampled_obstacle_label
467,m2063-osd-osd_v0_0237_t5::L2_window_50,m2063-osd-osd_v0_0237_t5,L2_window_50,source_role_semantics;parent_feasibility_tier_id;normalized_surface_variant;sampled_obstacle_label
468,m2063-osd-osd_v0_0237_t5::L3_online_gru,m2063-osd-osd_v0_0237_t5,L3_online_gru,source_role_semantics;parent_feasibility_tier_id;normalized_surface_variant;sampled_obstacle_label
469,m2063-osd-osd_v0_0237_t5::L3_reset_control_corrected,m2063-osd-osd_v0_0237_t5,L3_reset_control_corrected,source_role_semantics;parent_feasibility_tier_id;normalized_surface_variant;sampled_obstacle_label
470,m2063-osd-osd_v0_0238_t5::L0_current_masked,m2063-osd-osd_v0_0238_t5,L0_current_masked,source_role_semantics;parent_feasibility_tier_id;normalized_surface_variant;sampled_obstacle_label
471,m2063-osd-osd_v0_0238_t5::L1_one_step,m2063-osd-osd_v0_0238_t5,L1_one_step,source_role_semantics;parent_feasibility_tier_id;normalized_surface_variant;sampled_obstacle_label
472,m2063-osd-osd_v0_0238_t5::L2_window_50,m2063-osd-osd_v0_0238_t5,L2_window_50,source_role_semantics;parent_feasibility_tier_id;normalized_surface_variant;sampled_obstacle_label
473,m2063-osd-osd_v0_0238_t5::L3_online_gru,m2063-osd-osd_v0_0238_t5,L3_online_gru,source_role_semantics;parent_feasibility_tier_id;normalized_surface_variant;sampled_obstacle_label
474,m2063-osd-osd_v0_0238_t5::L3_reset_control_corrected,m2063-osd-osd_v0_0238_t5,L3_reset_control_corrected,source_role_semantics;parent_feasibility_tier_id;normalized_surface_variant;sampled_obstacle_label
475,m2063-osd-osd_v0_0239_t5::L0_current_masked,m2063-osd-osd_v0_0239_t5,L0_current_masked,source_role_semantics;parent_feasibility_tier_id;normalized_surface_variant;sampled_obstacle_label
476,m2063-osd-osd_v0_0239_t5::L1_one_step,m2063-osd-osd_v0_0239_t5,L1_one_step,source_role_semantics;parent_feasibility_tier_id;normalized_surface_variant;sampled_obstacle_label
477,m2063-osd-osd_v0_0239_t5::L2_window_50,m2063-osd-osd_v0_0239_t5,L2_window_50,source_role_semantics;parent_feasibility_tier_id;normalized_surface_variant;sampled_obstacle_label
478,m2063-osd-osd_v0_0239_t5::L3_online_gru,m2063-osd-osd_v0_0239_t5,L3_online_gru,source_role_semantics;parent_feasibility_tier_id;normalized_surface_variant;sampled_obstacle_label
479,m2063-osd-osd_v0_0239_t5::L3_reset_control_corrected,m2063-osd-osd_v0_0239_t5,L3_reset_control_corrected,source_role_semantics;parent_feasibility_tier_id;normalized_surface_variant;sampled_obstacle_label
