claim_id,claim_family,allowed_in_m2706,claim_made,status_pass,evidence_required_before_claim,claim_boundary
m2706_claim_allowed_support_input_source_rows_materialized,artifact,True,True,True,support_input_source_rows.csv,"M2706 protected runner simulator/workload support materialization only; M2703 blocked execution-admission rows, M2704 audit, M2705 design, M2700 adapter rows, and M1690 schema references may be reanalyzed into support input-source, candidate, blocker, traceability, actor-contract, claim-boundary, and gate rows, but no reset, step, rollout, replay, validation, training, PPO, private holdout, profile-specific tuning, ranking, winner selection, promotion, success-rate verdict, repair-success, driver-performance, paper, finite-window-vs-GRU, current-response, current-sim, high-fidelity validation, full ideal driver, or self-ID claim is made"
m2706_claim_allowed_support_candidate_rows_materialized,artifact,True,True,True,support_candidate_rows.csv,"M2706 protected runner simulator/workload support materialization only; M2703 blocked execution-admission rows, M2704 audit, M2705 design, M2700 adapter rows, and M1690 schema references may be reanalyzed into support input-source, candidate, blocker, traceability, actor-contract, claim-boundary, and gate rows, but no reset, step, rollout, replay, validation, training, PPO, private holdout, profile-specific tuning, ranking, winner selection, promotion, success-rate verdict, repair-success, driver-performance, paper, finite-window-vs-GRU, current-response, current-sim, high-fidelity validation, full ideal driver, or self-ID claim is made"
m2706_claim_allowed_support_blocker_rows_materialized,artifact,True,True,True,support_blocker_rows.csv,"M2706 protected runner simulator/workload support materialization only; M2703 blocked execution-admission rows, M2704 audit, M2705 design, M2700 adapter rows, and M1690 schema references may be reanalyzed into support input-source, candidate, blocker, traceability, actor-contract, claim-boundary, and gate rows, but no reset, step, rollout, replay, validation, training, PPO, private holdout, profile-specific tuning, ranking, winner selection, promotion, success-rate verdict, repair-success, driver-performance, paper, finite-window-vs-GRU, current-response, current-sim, high-fidelity validation, full ideal driver, or self-ID claim is made"
m2706_claim_allowed_support_traceability_rows_materialized,artifact,True,True,True,support_traceability_rows.csv,"M2706 protected runner simulator/workload support materialization only; M2703 blocked execution-admission rows, M2704 audit, M2705 design, M2700 adapter rows, and M1690 schema references may be reanalyzed into support input-source, candidate, blocker, traceability, actor-contract, claim-boundary, and gate rows, but no reset, step, rollout, replay, validation, training, PPO, private holdout, profile-specific tuning, ranking, winner selection, promotion, success-rate verdict, repair-success, driver-performance, paper, finite-window-vs-GRU, current-response, current-sim, high-fidelity validation, full ideal driver, or self-ID claim is made"
m2706_claim_allowed_actor_contract_guard_rows_materialized,artifact,True,True,True,actor_contract_guard_rows.csv,"M2706 protected runner simulator/workload support materialization only; M2703 blocked execution-admission rows, M2704 audit, M2705 design, M2700 adapter rows, and M1690 schema references may be reanalyzed into support input-source, candidate, blocker, traceability, actor-contract, claim-boundary, and gate rows, but no reset, step, rollout, replay, validation, training, PPO, private holdout, profile-specific tuning, ranking, winner selection, promotion, success-rate verdict, repair-success, driver-performance, paper, finite-window-vs-GRU, current-response, current-sim, high-fidelity validation, full ideal driver, or self-ID claim is made"
m2706_claim_allowed_claim_boundary_rows_materialized,artifact,True,True,True,claim_boundary_rows.csv,"M2706 protected runner simulator/workload support materialization only; M2703 blocked execution-admission rows, M2704 audit, M2705 design, M2700 adapter rows, and M1690 schema references may be reanalyzed into support input-source, candidate, blocker, traceability, actor-contract, claim-boundary, and gate rows, but no reset, step, rollout, replay, validation, training, PPO, private holdout, profile-specific tuning, ranking, winner selection, promotion, success-rate verdict, repair-success, driver-performance, paper, finite-window-vs-GRU, current-response, current-sim, high-fidelity validation, full ideal driver, or self-ID claim is made"
m2706_claim_allowed_gate_matrix_materialized,artifact,True,True,True,gate_matrix.csv,"M2706 protected runner simulator/workload support materialization only; M2703 blocked execution-admission rows, M2704 audit, M2705 design, M2700 adapter rows, and M1690 schema references may be reanalyzed into support input-source, candidate, blocker, traceability, actor-contract, claim-boundary, and gate rows, but no reset, step, rollout, replay, validation, training, PPO, private holdout, profile-specific tuning, ranking, winner selection, promotion, success-rate verdict, repair-success, driver-performance, paper, finite-window-vs-GRU, current-response, current-sim, high-fidelity validation, full ideal driver, or self-ID claim is made"
m2706_claim_allowed_all_candidates_classified,support_materialization,True,True,True,support row for every M2703 execution-admission candidate,"M2706 protected runner simulator/workload support materialization only; M2703 blocked execution-admission rows, M2704 audit, M2705 design, M2700 adapter rows, and M1690 schema references may be reanalyzed into support input-source, candidate, blocker, traceability, actor-contract, claim-boundary, and gate rows, but no reset, step, rollout, replay, validation, training, PPO, private holdout, profile-specific tuning, ranking, winner selection, promotion, success-rate verdict, repair-success, driver-performance, paper, finite-window-vs-GRU, current-response, current-sim, high-fidelity validation, full ideal driver, or self-ID claim is made"
m2706_claim_allowed_non_ready_rows_have_blockers,support_materialization,True,True,True,explicit support blocker for every non-ready support row,"M2706 protected runner simulator/workload support materialization only; M2703 blocked execution-admission rows, M2704 audit, M2705 design, M2700 adapter rows, and M1690 schema references may be reanalyzed into support input-source, candidate, blocker, traceability, actor-contract, claim-boundary, and gate rows, but no reset, step, rollout, replay, validation, training, PPO, private holdout, profile-specific tuning, ranking, winner selection, promotion, success-rate verdict, repair-success, driver-performance, paper, finite-window-vs-GRU, current-response, current-sim, high-fidelity validation, full ideal driver, or self-ID claim is made"
m2706_claim_allowed_protected_targets_accounted,traceability,True,True,True,support traceability for every M2703 target,"M2706 protected runner simulator/workload support materialization only; M2703 blocked execution-admission rows, M2704 audit, M2705 design, M2700 adapter rows, and M1690 schema references may be reanalyzed into support input-source, candidate, blocker, traceability, actor-contract, claim-boundary, and gate rows, but no reset, step, rollout, replay, validation, training, PPO, private holdout, profile-specific tuning, ranking, winner selection, promotion, success-rate verdict, repair-success, driver-performance, paper, finite-window-vs-GRU, current-response, current-sim, high-fidelity validation, full ideal driver, or self-ID claim is made"
m2706_claim_allowed_follow_up_audit_registered,follow_up_route,True,True,True,M2707 result audit manifest,"M2706 protected runner simulator/workload support materialization only; M2703 blocked execution-admission rows, M2704 audit, M2705 design, M2700 adapter rows, and M1690 schema references may be reanalyzed into support input-source, candidate, blocker, traceability, actor-contract, claim-boundary, and gate rows, but no reset, step, rollout, replay, validation, training, PPO, private holdout, profile-specific tuning, ranking, winner selection, promotion, success-rate verdict, repair-success, driver-performance, paper, finite-window-vs-GRU, current-response, current-sim, high-fidelity validation, full ideal driver, or self-ID claim is made"
m2706_claim_blocked_support_row_as_execution_row,execution,False,False,True,future protected execution admission manifest,"M2706 protected runner simulator/workload support materialization only; M2703 blocked execution-admission rows, M2704 audit, M2705 design, M2700 adapter rows, and M1690 schema references may be reanalyzed into support input-source, candidate, blocker, traceability, actor-contract, claim-boundary, and gate rows, but no reset, step, rollout, replay, validation, training, PPO, private holdout, profile-specific tuning, ranking, winner selection, promotion, success-rate verdict, repair-success, driver-performance, paper, finite-window-vs-GRU, current-response, current-sim, high-fidelity validation, full ideal driver, or self-ID claim is made"
m2706_claim_blocked_reset_execution,execution,False,False,True,future protected execution manifest,"M2706 protected runner simulator/workload support materialization only; M2703 blocked execution-admission rows, M2704 audit, M2705 design, M2700 adapter rows, and M1690 schema references may be reanalyzed into support input-source, candidate, blocker, traceability, actor-contract, claim-boundary, and gate rows, but no reset, step, rollout, replay, validation, training, PPO, private holdout, profile-specific tuning, ranking, winner selection, promotion, success-rate verdict, repair-success, driver-performance, paper, finite-window-vs-GRU, current-response, current-sim, high-fidelity validation, full ideal driver, or self-ID claim is made"
m2706_claim_blocked_environment_step,execution,False,False,True,future protected execution manifest,"M2706 protected runner simulator/workload support materialization only; M2703 blocked execution-admission rows, M2704 audit, M2705 design, M2700 adapter rows, and M1690 schema references may be reanalyzed into support input-source, candidate, blocker, traceability, actor-contract, claim-boundary, and gate rows, but no reset, step, rollout, replay, validation, training, PPO, private holdout, profile-specific tuning, ranking, winner selection, promotion, success-rate verdict, repair-success, driver-performance, paper, finite-window-vs-GRU, current-response, current-sim, high-fidelity validation, full ideal driver, or self-ID claim is made"
m2706_claim_blocked_policy_rollout,execution,False,False,True,future protected execution manifest,"M2706 protected runner simulator/workload support materialization only; M2703 blocked execution-admission rows, M2704 audit, M2705 design, M2700 adapter rows, and M1690 schema references may be reanalyzed into support input-source, candidate, blocker, traceability, actor-contract, claim-boundary, and gate rows, but no reset, step, rollout, replay, validation, training, PPO, private holdout, profile-specific tuning, ranking, winner selection, promotion, success-rate verdict, repair-success, driver-performance, paper, finite-window-vs-GRU, current-response, current-sim, high-fidelity validation, full ideal driver, or self-ID claim is made"
m2706_claim_blocked_replay_execution,execution,False,False,True,future replay manifest,"M2706 protected runner simulator/workload support materialization only; M2703 blocked execution-admission rows, M2704 audit, M2705 design, M2700 adapter rows, and M1690 schema references may be reanalyzed into support input-source, candidate, blocker, traceability, actor-contract, claim-boundary, and gate rows, but no reset, step, rollout, replay, validation, training, PPO, private holdout, profile-specific tuning, ranking, winner selection, promotion, success-rate verdict, repair-success, driver-performance, paper, finite-window-vs-GRU, current-response, current-sim, high-fidelity validation, full ideal driver, or self-ID claim is made"
m2706_claim_blocked_validation_execution,validation,False,False,True,future validation manifest,"M2706 protected runner simulator/workload support materialization only; M2703 blocked execution-admission rows, M2704 audit, M2705 design, M2700 adapter rows, and M1690 schema references may be reanalyzed into support input-source, candidate, blocker, traceability, actor-contract, claim-boundary, and gate rows, but no reset, step, rollout, replay, validation, training, PPO, private holdout, profile-specific tuning, ranking, winner selection, promotion, success-rate verdict, repair-success, driver-performance, paper, finite-window-vs-GRU, current-response, current-sim, high-fidelity validation, full ideal driver, or self-ID claim is made"
m2706_claim_blocked_training_or_ppo,execution,False,False,True,future training manifest,"M2706 protected runner simulator/workload support materialization only; M2703 blocked execution-admission rows, M2704 audit, M2705 design, M2700 adapter rows, and M1690 schema references may be reanalyzed into support input-source, candidate, blocker, traceability, actor-contract, claim-boundary, and gate rows, but no reset, step, rollout, replay, validation, training, PPO, private holdout, profile-specific tuning, ranking, winner selection, promotion, success-rate verdict, repair-success, driver-performance, paper, finite-window-vs-GRU, current-response, current-sim, high-fidelity validation, full ideal driver, or self-ID claim is made"
m2706_claim_blocked_private_holdout_tuning,holdout_policy,False,False,True,forbidden in M2706,"M2706 protected runner simulator/workload support materialization only; M2703 blocked execution-admission rows, M2704 audit, M2705 design, M2700 adapter rows, and M1690 schema references may be reanalyzed into support input-source, candidate, blocker, traceability, actor-contract, claim-boundary, and gate rows, but no reset, step, rollout, replay, validation, training, PPO, private holdout, profile-specific tuning, ranking, winner selection, promotion, success-rate verdict, repair-success, driver-performance, paper, finite-window-vs-GRU, current-response, current-sim, high-fidelity validation, full ideal driver, or self-ID claim is made"
m2706_claim_blocked_profile_specific_tuning,objective_overfit,False,False,True,future controlled tuning protocol,"M2706 protected runner simulator/workload support materialization only; M2703 blocked execution-admission rows, M2704 audit, M2705 design, M2700 adapter rows, and M1690 schema references may be reanalyzed into support input-source, candidate, blocker, traceability, actor-contract, claim-boundary, and gate rows, but no reset, step, rollout, replay, validation, training, PPO, private holdout, profile-specific tuning, ranking, winner selection, promotion, success-rate verdict, repair-success, driver-performance, paper, finite-window-vs-GRU, current-response, current-sim, high-fidelity validation, full ideal driver, or self-ID claim is made"
m2706_claim_blocked_controller_family_ranking,ranking,False,False,True,future audited comparison interpretation,"M2706 protected runner simulator/workload support materialization only; M2703 blocked execution-admission rows, M2704 audit, M2705 design, M2700 adapter rows, and M1690 schema references may be reanalyzed into support input-source, candidate, blocker, traceability, actor-contract, claim-boundary, and gate rows, but no reset, step, rollout, replay, validation, training, PPO, private holdout, profile-specific tuning, ranking, winner selection, promotion, success-rate verdict, repair-success, driver-performance, paper, finite-window-vs-GRU, current-response, current-sim, high-fidelity validation, full ideal driver, or self-ID claim is made"
m2706_claim_blocked_winner_selection,promotion,False,False,True,future promotion gate,"M2706 protected runner simulator/workload support materialization only; M2703 blocked execution-admission rows, M2704 audit, M2705 design, M2700 adapter rows, and M1690 schema references may be reanalyzed into support input-source, candidate, blocker, traceability, actor-contract, claim-boundary, and gate rows, but no reset, step, rollout, replay, validation, training, PPO, private holdout, profile-specific tuning, ranking, winner selection, promotion, success-rate verdict, repair-success, driver-performance, paper, finite-window-vs-GRU, current-response, current-sim, high-fidelity validation, full ideal driver, or self-ID claim is made"
m2706_claim_blocked_checkpoint_promotion,promotion,False,False,True,future promotion gate,"M2706 protected runner simulator/workload support materialization only; M2703 blocked execution-admission rows, M2704 audit, M2705 design, M2700 adapter rows, and M1690 schema references may be reanalyzed into support input-source, candidate, blocker, traceability, actor-contract, claim-boundary, and gate rows, but no reset, step, rollout, replay, validation, training, PPO, private holdout, profile-specific tuning, ranking, winner selection, promotion, success-rate verdict, repair-success, driver-performance, paper, finite-window-vs-GRU, current-response, current-sim, high-fidelity validation, full ideal driver, or self-ID claim is made"
m2706_claim_blocked_success_rate_verdict,verdict,False,False,True,future result audit and verdict milestone,"M2706 protected runner simulator/workload support materialization only; M2703 blocked execution-admission rows, M2704 audit, M2705 design, M2700 adapter rows, and M1690 schema references may be reanalyzed into support input-source, candidate, blocker, traceability, actor-contract, claim-boundary, and gate rows, but no reset, step, rollout, replay, validation, training, PPO, private holdout, profile-specific tuning, ranking, winner selection, promotion, success-rate verdict, repair-success, driver-performance, paper, finite-window-vs-GRU, current-response, current-sim, high-fidelity validation, full ideal driver, or self-ID claim is made"
m2706_claim_blocked_repair_success,verdict,False,False,True,future repair audit and validation route,"M2706 protected runner simulator/workload support materialization only; M2703 blocked execution-admission rows, M2704 audit, M2705 design, M2700 adapter rows, and M1690 schema references may be reanalyzed into support input-source, candidate, blocker, traceability, actor-contract, claim-boundary, and gate rows, but no reset, step, rollout, replay, validation, training, PPO, private holdout, profile-specific tuning, ranking, winner selection, promotion, success-rate verdict, repair-success, driver-performance, paper, finite-window-vs-GRU, current-response, current-sim, high-fidelity validation, full ideal driver, or self-ID claim is made"
m2706_claim_blocked_driver_performance,driver_performance,False,False,True,future proof/generalization/claim audit,"M2706 protected runner simulator/workload support materialization only; M2703 blocked execution-admission rows, M2704 audit, M2705 design, M2700 adapter rows, and M1690 schema references may be reanalyzed into support input-source, candidate, blocker, traceability, actor-contract, claim-boundary, and gate rows, but no reset, step, rollout, replay, validation, training, PPO, private holdout, profile-specific tuning, ranking, winner selection, promotion, success-rate verdict, repair-success, driver-performance, paper, finite-window-vs-GRU, current-response, current-sim, high-fidelity validation, full ideal driver, or self-ID claim is made"
m2706_claim_blocked_validation_readiness,validation,False,False,True,future validation-readiness route,"M2706 protected runner simulator/workload support materialization only; M2703 blocked execution-admission rows, M2704 audit, M2705 design, M2700 adapter rows, and M1690 schema references may be reanalyzed into support input-source, candidate, blocker, traceability, actor-contract, claim-boundary, and gate rows, but no reset, step, rollout, replay, validation, training, PPO, private holdout, profile-specific tuning, ranking, winner selection, promotion, success-rate verdict, repair-success, driver-performance, paper, finite-window-vs-GRU, current-response, current-sim, high-fidelity validation, full ideal driver, or self-ID claim is made"
m2706_claim_blocked_validation_result,validation,False,False,True,future validation route,"M2706 protected runner simulator/workload support materialization only; M2703 blocked execution-admission rows, M2704 audit, M2705 design, M2700 adapter rows, and M1690 schema references may be reanalyzed into support input-source, candidate, blocker, traceability, actor-contract, claim-boundary, and gate rows, but no reset, step, rollout, replay, validation, training, PPO, private holdout, profile-specific tuning, ranking, winner selection, promotion, success-rate verdict, repair-success, driver-performance, paper, finite-window-vs-GRU, current-response, current-sim, high-fidelity validation, full ideal driver, or self-ID claim is made"
m2706_claim_blocked_paper_level_evidence,paper,False,False,True,future audited evidence matrix,"M2706 protected runner simulator/workload support materialization only; M2703 blocked execution-admission rows, M2704 audit, M2705 design, M2700 adapter rows, and M1690 schema references may be reanalyzed into support input-source, candidate, blocker, traceability, actor-contract, claim-boundary, and gate rows, but no reset, step, rollout, replay, validation, training, PPO, private holdout, profile-specific tuning, ranking, winner selection, promotion, success-rate verdict, repair-success, driver-performance, paper, finite-window-vs-GRU, current-response, current-sim, high-fidelity validation, full ideal driver, or self-ID claim is made"
m2706_claim_blocked_finite_window_vs_gru_result,paper,False,False,True,future fair comparison audit,"M2706 protected runner simulator/workload support materialization only; M2703 blocked execution-admission rows, M2704 audit, M2705 design, M2700 adapter rows, and M1690 schema references may be reanalyzed into support input-source, candidate, blocker, traceability, actor-contract, claim-boundary, and gate rows, but no reset, step, rollout, replay, validation, training, PPO, private holdout, profile-specific tuning, ranking, winner selection, promotion, success-rate verdict, repair-success, driver-performance, paper, finite-window-vs-GRU, current-response, current-sim, high-fidelity validation, full ideal driver, or self-ID claim is made"
m2706_claim_blocked_current_response_sufficiency_result,paper,False,False,True,future fair comparison audit,"M2706 protected runner simulator/workload support materialization only; M2703 blocked execution-admission rows, M2704 audit, M2705 design, M2700 adapter rows, and M1690 schema references may be reanalyzed into support input-source, candidate, blocker, traceability, actor-contract, claim-boundary, and gate rows, but no reset, step, rollout, replay, validation, training, PPO, private holdout, profile-specific tuning, ranking, winner selection, promotion, success-rate verdict, repair-success, driver-performance, paper, finite-window-vs-GRU, current-response, current-sim, high-fidelity validation, full ideal driver, or self-ID claim is made"
m2706_claim_blocked_current_sim_verdict,paper,False,False,True,future current-sim synthesis,"M2706 protected runner simulator/workload support materialization only; M2703 blocked execution-admission rows, M2704 audit, M2705 design, M2700 adapter rows, and M1690 schema references may be reanalyzed into support input-source, candidate, blocker, traceability, actor-contract, claim-boundary, and gate rows, but no reset, step, rollout, replay, validation, training, PPO, private holdout, profile-specific tuning, ranking, winner selection, promotion, success-rate verdict, repair-success, driver-performance, paper, finite-window-vs-GRU, current-response, current-sim, high-fidelity validation, full ideal driver, or self-ID claim is made"
m2706_claim_blocked_high_fidelity_validation,validation,False,False,True,future high-fidelity validation,"M2706 protected runner simulator/workload support materialization only; M2703 blocked execution-admission rows, M2704 audit, M2705 design, M2700 adapter rows, and M1690 schema references may be reanalyzed into support input-source, candidate, blocker, traceability, actor-contract, claim-boundary, and gate rows, but no reset, step, rollout, replay, validation, training, PPO, private holdout, profile-specific tuning, ranking, winner selection, promotion, success-rate verdict, repair-success, driver-performance, paper, finite-window-vs-GRU, current-response, current-sim, high-fidelity validation, full ideal driver, or self-ID claim is made"
m2706_claim_blocked_level3_self_identification,self_id,False,False,True,future source-diverse intervention proof,"M2706 protected runner simulator/workload support materialization only; M2703 blocked execution-admission rows, M2704 audit, M2705 design, M2700 adapter rows, and M1690 schema references may be reanalyzed into support input-source, candidate, blocker, traceability, actor-contract, claim-boundary, and gate rows, but no reset, step, rollout, replay, validation, training, PPO, private holdout, profile-specific tuning, ranking, winner selection, promotion, success-rate verdict, repair-success, driver-performance, paper, finite-window-vs-GRU, current-response, current-sim, high-fidelity validation, full ideal driver, or self-ID claim is made"
m2706_claim_blocked_full_ideal_driver_completion,full_goal,False,False,True,future full ideal driver gate,"M2706 protected runner simulator/workload support materialization only; M2703 blocked execution-admission rows, M2704 audit, M2705 design, M2700 adapter rows, and M1690 schema references may be reanalyzed into support input-source, candidate, blocker, traceability, actor-contract, claim-boundary, and gate rows, but no reset, step, rollout, replay, validation, training, PPO, private holdout, profile-specific tuning, ranking, winner selection, promotion, success-rate verdict, repair-success, driver-performance, paper, finite-window-vs-GRU, current-response, current-sim, high-fidelity validation, full ideal driver, or self-ID claim is made"
