claim_id,claim_family,allowed_in_m3084,claim_made,status_pass,evidence_required_before_claim,claim_boundary
m3084-fresh_measurement_rows,measurement,True,True,True,measurement_episode_rows.csv,"M3084 Active Safety Driver v1 actor-visible deterministic direct-action safety-reflex fresh robustness measurement preflight only; fresh current-sim measurement rows and metric tables may be recorded for the M3078 deterministic direct-action safety-reflex candidate on the M3082 fresh panel. The candidate is executed as final_action = actor_visible_safety_reflex_action(obs72). No runtime base policy, hidden oracle, TTC, target, provenance, source, route, outcome, progress, or verdict actor input is used. No validation result, driver-performance verdict, current-sim verdict, ranking, winner selection, checkpoint promotion, checkpoint mutation, repair success, high-fidelity validation, paper evidence, finite-window-vs-GRU, full ideal driver, or self-ID claim is made"
m3084-metric_summary_rows,measurement_metric,True,True,True,metric_summary_rows.csv,"M3084 Active Safety Driver v1 actor-visible deterministic direct-action safety-reflex fresh robustness measurement preflight only; fresh current-sim measurement rows and metric tables may be recorded for the M3078 deterministic direct-action safety-reflex candidate on the M3082 fresh panel. The candidate is executed as final_action = actor_visible_safety_reflex_action(obs72). No runtime base policy, hidden oracle, TTC, target, provenance, source, route, outcome, progress, or verdict actor input is used. No validation result, driver-performance verdict, current-sim verdict, ranking, winner selection, checkpoint promotion, checkpoint mutation, repair success, high-fidelity validation, paper evidence, finite-window-vs-GRU, full ideal driver, or self-ID claim is made"
m3084-actor_contract_guards,guard,True,True,True,actor_contract_guard_rows.csv,"M3084 Active Safety Driver v1 actor-visible deterministic direct-action safety-reflex fresh robustness measurement preflight only; fresh current-sim measurement rows and metric tables may be recorded for the M3078 deterministic direct-action safety-reflex candidate on the M3082 fresh panel. The candidate is executed as final_action = actor_visible_safety_reflex_action(obs72). No runtime base policy, hidden oracle, TTC, target, provenance, source, route, outcome, progress, or verdict actor input is used. No validation result, driver-performance verdict, current-sim verdict, ranking, winner selection, checkpoint promotion, checkpoint mutation, repair success, high-fidelity validation, paper evidence, finite-window-vs-GRU, full ideal driver, or self-ID claim is made"
m3084-claim_boundary_guards,guard,True,True,True,claim_boundary_rows.csv,"M3084 Active Safety Driver v1 actor-visible deterministic direct-action safety-reflex fresh robustness measurement preflight only; fresh current-sim measurement rows and metric tables may be recorded for the M3078 deterministic direct-action safety-reflex candidate on the M3082 fresh panel. The candidate is executed as final_action = actor_visible_safety_reflex_action(obs72). No runtime base policy, hidden oracle, TTC, target, provenance, source, route, outcome, progress, or verdict actor input is used. No validation result, driver-performance verdict, current-sim verdict, ranking, winner selection, checkpoint promotion, checkpoint mutation, repair success, high-fidelity validation, paper evidence, finite-window-vs-GRU, full ideal driver, or self-ID claim is made"
m3084-follow_up_result_audit_registered,follow_up_route,True,True,True,M3085 audit manifest,"M3084 Active Safety Driver v1 actor-visible deterministic direct-action safety-reflex fresh robustness measurement preflight only; fresh current-sim measurement rows and metric tables may be recorded for the M3078 deterministic direct-action safety-reflex candidate on the M3082 fresh panel. The candidate is executed as final_action = actor_visible_safety_reflex_action(obs72). No runtime base policy, hidden oracle, TTC, target, provenance, source, route, outcome, progress, or verdict actor input is used. No validation result, driver-performance verdict, current-sim verdict, ranking, winner selection, checkpoint promotion, checkpoint mutation, repair success, high-fidelity validation, paper evidence, finite-window-vs-GRU, full ideal driver, or self-ID claim is made"
m3084-validation_result,validation,False,False,True,future validation route,"M3084 Active Safety Driver v1 actor-visible deterministic direct-action safety-reflex fresh robustness measurement preflight only; fresh current-sim measurement rows and metric tables may be recorded for the M3078 deterministic direct-action safety-reflex candidate on the M3082 fresh panel. The candidate is executed as final_action = actor_visible_safety_reflex_action(obs72). No runtime base policy, hidden oracle, TTC, target, provenance, source, route, outcome, progress, or verdict actor input is used. No validation result, driver-performance verdict, current-sim verdict, ranking, winner selection, checkpoint promotion, checkpoint mutation, repair success, high-fidelity validation, paper evidence, finite-window-vs-GRU, full ideal driver, or self-ID claim is made"
m3084-driver_performance_verdict,driver_performance,False,False,True,future proof/generalization/claim audit,"M3084 Active Safety Driver v1 actor-visible deterministic direct-action safety-reflex fresh robustness measurement preflight only; fresh current-sim measurement rows and metric tables may be recorded for the M3078 deterministic direct-action safety-reflex candidate on the M3082 fresh panel. The candidate is executed as final_action = actor_visible_safety_reflex_action(obs72). No runtime base policy, hidden oracle, TTC, target, provenance, source, route, outcome, progress, or verdict actor input is used. No validation result, driver-performance verdict, current-sim verdict, ranking, winner selection, checkpoint promotion, checkpoint mutation, repair success, high-fidelity validation, paper evidence, finite-window-vs-GRU, full ideal driver, or self-ID claim is made"
m3084-current_sim_verdict,verdict,False,False,True,future result audit and synthesis,"M3084 Active Safety Driver v1 actor-visible deterministic direct-action safety-reflex fresh robustness measurement preflight only; fresh current-sim measurement rows and metric tables may be recorded for the M3078 deterministic direct-action safety-reflex candidate on the M3082 fresh panel. The candidate is executed as final_action = actor_visible_safety_reflex_action(obs72). No runtime base policy, hidden oracle, TTC, target, provenance, source, route, outcome, progress, or verdict actor input is used. No validation result, driver-performance verdict, current-sim verdict, ranking, winner selection, checkpoint promotion, checkpoint mutation, repair success, high-fidelity validation, paper evidence, finite-window-vs-GRU, full ideal driver, or self-ID claim is made"
m3084-ranking_or_winner_selection,ranking,False,False,True,future audited ranking route,"M3084 Active Safety Driver v1 actor-visible deterministic direct-action safety-reflex fresh robustness measurement preflight only; fresh current-sim measurement rows and metric tables may be recorded for the M3078 deterministic direct-action safety-reflex candidate on the M3082 fresh panel. The candidate is executed as final_action = actor_visible_safety_reflex_action(obs72). No runtime base policy, hidden oracle, TTC, target, provenance, source, route, outcome, progress, or verdict actor input is used. No validation result, driver-performance verdict, current-sim verdict, ranking, winner selection, checkpoint promotion, checkpoint mutation, repair success, high-fidelity validation, paper evidence, finite-window-vs-GRU, full ideal driver, or self-ID claim is made"
m3084-checkpoint_promotion,promotion,False,False,True,future promotion gate,"M3084 Active Safety Driver v1 actor-visible deterministic direct-action safety-reflex fresh robustness measurement preflight only; fresh current-sim measurement rows and metric tables may be recorded for the M3078 deterministic direct-action safety-reflex candidate on the M3082 fresh panel. The candidate is executed as final_action = actor_visible_safety_reflex_action(obs72). No runtime base policy, hidden oracle, TTC, target, provenance, source, route, outcome, progress, or verdict actor input is used. No validation result, driver-performance verdict, current-sim verdict, ranking, winner selection, checkpoint promotion, checkpoint mutation, repair success, high-fidelity validation, paper evidence, finite-window-vs-GRU, full ideal driver, or self-ID claim is made"
m3084-repair_success,verdict,False,False,True,future result audit,"M3084 Active Safety Driver v1 actor-visible deterministic direct-action safety-reflex fresh robustness measurement preflight only; fresh current-sim measurement rows and metric tables may be recorded for the M3078 deterministic direct-action safety-reflex candidate on the M3082 fresh panel. The candidate is executed as final_action = actor_visible_safety_reflex_action(obs72). No runtime base policy, hidden oracle, TTC, target, provenance, source, route, outcome, progress, or verdict actor input is used. No validation result, driver-performance verdict, current-sim verdict, ranking, winner selection, checkpoint promotion, checkpoint mutation, repair success, high-fidelity validation, paper evidence, finite-window-vs-GRU, full ideal driver, or self-ID claim is made"
m3084-paper_level_evidence,paper,False,False,True,future audited evidence matrix,"M3084 Active Safety Driver v1 actor-visible deterministic direct-action safety-reflex fresh robustness measurement preflight only; fresh current-sim measurement rows and metric tables may be recorded for the M3078 deterministic direct-action safety-reflex candidate on the M3082 fresh panel. The candidate is executed as final_action = actor_visible_safety_reflex_action(obs72). No runtime base policy, hidden oracle, TTC, target, provenance, source, route, outcome, progress, or verdict actor input is used. No validation result, driver-performance verdict, current-sim verdict, ranking, winner selection, checkpoint promotion, checkpoint mutation, repair success, high-fidelity validation, paper evidence, finite-window-vs-GRU, full ideal driver, or self-ID claim is made"
m3084-high_fidelity_validation,validation,False,False,True,future high-fidelity validation,"M3084 Active Safety Driver v1 actor-visible deterministic direct-action safety-reflex fresh robustness measurement preflight only; fresh current-sim measurement rows and metric tables may be recorded for the M3078 deterministic direct-action safety-reflex candidate on the M3082 fresh panel. The candidate is executed as final_action = actor_visible_safety_reflex_action(obs72). No runtime base policy, hidden oracle, TTC, target, provenance, source, route, outcome, progress, or verdict actor input is used. No validation result, driver-performance verdict, current-sim verdict, ranking, winner selection, checkpoint promotion, checkpoint mutation, repair success, high-fidelity validation, paper evidence, finite-window-vs-GRU, full ideal driver, or self-ID claim is made"
m3084-finite_window_vs_gru_result,paper,False,False,True,future same-case architecture comparison,"M3084 Active Safety Driver v1 actor-visible deterministic direct-action safety-reflex fresh robustness measurement preflight only; fresh current-sim measurement rows and metric tables may be recorded for the M3078 deterministic direct-action safety-reflex candidate on the M3082 fresh panel. The candidate is executed as final_action = actor_visible_safety_reflex_action(obs72). No runtime base policy, hidden oracle, TTC, target, provenance, source, route, outcome, progress, or verdict actor input is used. No validation result, driver-performance verdict, current-sim verdict, ranking, winner selection, checkpoint promotion, checkpoint mutation, repair success, high-fidelity validation, paper evidence, finite-window-vs-GRU, full ideal driver, or self-ID claim is made"
m3084-full_ideal_driver_completion,full_goal,False,False,True,future full goal gate,"M3084 Active Safety Driver v1 actor-visible deterministic direct-action safety-reflex fresh robustness measurement preflight only; fresh current-sim measurement rows and metric tables may be recorded for the M3078 deterministic direct-action safety-reflex candidate on the M3082 fresh panel. The candidate is executed as final_action = actor_visible_safety_reflex_action(obs72). No runtime base policy, hidden oracle, TTC, target, provenance, source, route, outcome, progress, or verdict actor input is used. No validation result, driver-performance verdict, current-sim verdict, ranking, winner selection, checkpoint promotion, checkpoint mutation, repair success, high-fidelity validation, paper evidence, finite-window-vs-GRU, full ideal driver, or self-ID claim is made"
m3084-level3_self_identification,self_id,False,False,True,future source-diverse intervention proof,"M3084 Active Safety Driver v1 actor-visible deterministic direct-action safety-reflex fresh robustness measurement preflight only; fresh current-sim measurement rows and metric tables may be recorded for the M3078 deterministic direct-action safety-reflex candidate on the M3082 fresh panel. The candidate is executed as final_action = actor_visible_safety_reflex_action(obs72). No runtime base policy, hidden oracle, TTC, target, provenance, source, route, outcome, progress, or verdict actor input is used. No validation result, driver-performance verdict, current-sim verdict, ranking, winner selection, checkpoint promotion, checkpoint mutation, repair success, high-fidelity validation, paper evidence, finite-window-vs-GRU, full ideal driver, or self-ID claim is made"
m3084-hidden_oracle_actor_inputs,contract,False,False,True,actor contract forbids hidden/oracle inputs,"M3084 Active Safety Driver v1 actor-visible deterministic direct-action safety-reflex fresh robustness measurement preflight only; fresh current-sim measurement rows and metric tables may be recorded for the M3078 deterministic direct-action safety-reflex candidate on the M3082 fresh panel. The candidate is executed as final_action = actor_visible_safety_reflex_action(obs72). No runtime base policy, hidden oracle, TTC, target, provenance, source, route, outcome, progress, or verdict actor input is used. No validation result, driver-performance verdict, current-sim verdict, ranking, winner selection, checkpoint promotion, checkpoint mutation, repair success, high-fidelity validation, paper evidence, finite-window-vs-GRU, full ideal driver, or self-ID claim is made"
m3084-ttc_actor_inputs,contract,False,False,True,actor contract forbids TTC shortcuts,"M3084 Active Safety Driver v1 actor-visible deterministic direct-action safety-reflex fresh robustness measurement preflight only; fresh current-sim measurement rows and metric tables may be recorded for the M3078 deterministic direct-action safety-reflex candidate on the M3082 fresh panel. The candidate is executed as final_action = actor_visible_safety_reflex_action(obs72). No runtime base policy, hidden oracle, TTC, target, provenance, source, route, outcome, progress, or verdict actor input is used. No validation result, driver-performance verdict, current-sim verdict, ranking, winner selection, checkpoint promotion, checkpoint mutation, repair success, high-fidelity validation, paper evidence, finite-window-vs-GRU, full ideal driver, or self-ID claim is made"
m3084-runtime_base_policy_dependency,contract,False,False,True,M3078 direct-action actor forbids runtime base policy use,"M3084 Active Safety Driver v1 actor-visible deterministic direct-action safety-reflex fresh robustness measurement preflight only; fresh current-sim measurement rows and metric tables may be recorded for the M3078 deterministic direct-action safety-reflex candidate on the M3082 fresh panel. The candidate is executed as final_action = actor_visible_safety_reflex_action(obs72). No runtime base policy, hidden oracle, TTC, target, provenance, source, route, outcome, progress, or verdict actor input is used. No validation result, driver-performance verdict, current-sim verdict, ranking, winner selection, checkpoint promotion, checkpoint mutation, repair success, high-fidelity validation, paper evidence, finite-window-vs-GRU, full ideal driver, or self-ID claim is made"
m3084-robustness_verdict,verdict,False,False,True,M3085 audit and later validation route,"M3084 Active Safety Driver v1 actor-visible deterministic direct-action safety-reflex fresh robustness measurement preflight only; fresh current-sim measurement rows and metric tables may be recorded for the M3078 deterministic direct-action safety-reflex candidate on the M3082 fresh panel. The candidate is executed as final_action = actor_visible_safety_reflex_action(obs72). No runtime base policy, hidden oracle, TTC, target, provenance, source, route, outcome, progress, or verdict actor input is used. No validation result, driver-performance verdict, current-sim verdict, ranking, winner selection, checkpoint promotion, checkpoint mutation, repair success, high-fidelity validation, paper evidence, finite-window-vs-GRU, full ideal driver, or self-ID claim is made"
