profile_name,repair_source_kind,slice_kind,support_label,episode_count,success_count,collision_count,offtrack_outcome_count,offtrack_termination_count,success_rate,collision_rate,offtrack_outcome_rate,offtrack_termination_rate,clearance_margin_mean,return_mean,steps_mean,all_selected_metrics_finite,success_obstacle_pass,collision_failure,off_track_noncollision_noncompletion,termination_off_track,termination_obstacle_collision,termination_empty
L0_current_masked,anchor_neighborhood,outcome_by_profile_source_kind,no_support,24,0,0,24,24,0.0,0.0,1.0,1.0,40.817547248896126,8.149364390050952,21.333333333333332,True,0,0,24,24,0,0
L0_current_masked,mitigation_isolation_check,outcome_by_profile_source_kind,no_support,20,0,19,1,1,0.0,0.95,0.05,0.05,0.03910269432809286,-9.245193086368161,11.65,True,0,19,1,1,19,0
L0_current_masked,offtrack_boundary_relief,outcome_by_profile_source_kind,no_support,16,0,0,16,16,0.0,0.0,1.0,1.0,10.70494947776517,8.015476520527177,22.875,True,0,0,16,16,0,0
L0_current_masked,success_stabilizer,outcome_by_profile_source_kind,comparison_ready_candidate_without_profile_diversity_check,20,9,3,8,8,0.45,0.15,0.4,0.4,3.1740530639034845,14.437375298217336,29.75,True,9,3,8,8,3,9
L1_one_step,anchor_neighborhood,outcome_by_profile_source_kind,no_support,24,0,0,24,24,0.0,0.0,1.0,1.0,40.58807334129511,8.615244343649936,21.708333333333332,True,0,0,24,24,0,0
L1_one_step,mitigation_isolation_check,outcome_by_profile_source_kind,no_support,20,0,19,1,1,0.0,0.95,0.05,0.05,-0.02883872820332033,-8.785610232916946,11.85,True,0,19,1,1,19,0
L1_one_step,offtrack_boundary_relief,outcome_by_profile_source_kind,no_support,16,0,0,16,16,0.0,0.0,1.0,1.0,10.74334561821295,8.6530180072824,22.8125,True,0,0,16,16,0,0
L1_one_step,success_stabilizer,outcome_by_profile_source_kind,comparison_ready_candidate_without_profile_diversity_check,20,9,2,9,9,0.45,0.1,0.45,0.45,2.989820827806226,16.448009014870603,30.7,True,9,2,9,9,2,9
L2_window_100,anchor_neighborhood,outcome_by_profile_source_kind,no_support,24,0,0,24,24,0.0,0.0,1.0,1.0,42.44156691543672,3.3273302923165264,18.75,True,0,0,24,24,0,0
L2_window_100,mitigation_isolation_check,outcome_by_profile_source_kind,no_support,20,0,19,1,1,0.0,0.95,0.05,0.05,0.017823567062928158,-10.85108101722887,11.4,True,0,19,1,1,19,0
L2_window_100,offtrack_boundary_relief,outcome_by_profile_source_kind,no_support,16,0,0,16,16,0.0,0.0,1.0,1.0,12.381012255927082,4.1901408000298055,19.8125,True,0,0,16,16,0,0
L2_window_100,success_stabilizer,outcome_by_profile_source_kind,no_support,20,0,3,17,17,0.0,0.15,0.85,0.85,5.059918762549087,1.2977371311134998,23.85,True,0,3,17,17,3,0
L2_window_100_current_tiled,anchor_neighborhood,outcome_by_profile_source_kind,no_support,24,0,0,24,24,0.0,0.0,1.0,1.0,42.22612368561214,3.783054565719187,18.916666666666668,True,0,0,24,24,0,0
L2_window_100_current_tiled,mitigation_isolation_check,outcome_by_profile_source_kind,no_support,20,0,19,1,1,0.0,0.95,0.05,0.05,0.05149363459195,-10.787082745921868,11.35,True,0,19,1,1,19,0
L2_window_100_current_tiled,offtrack_boundary_relief,outcome_by_profile_source_kind,no_support,16,0,0,16,16,0.0,0.0,1.0,1.0,12.190069135996618,3.878791826414213,19.9375,True,0,0,16,16,0,0
L2_window_100_current_tiled,success_stabilizer,outcome_by_profile_source_kind,no_support,20,0,3,17,17,0.0,0.15,0.85,0.85,4.854565240138371,0.7010869214212359,24.05,True,0,3,17,17,3,0
L2_window_13,anchor_neighborhood,outcome_by_profile_source_kind,no_support,24,0,0,24,24,0.0,0.0,1.0,1.0,42.3379249443354,3.271875227907375,18.875,True,0,0,24,24,0,0
L2_window_13,mitigation_isolation_check,outcome_by_profile_source_kind,no_support,20,0,19,1,1,0.0,0.95,0.05,0.05,-0.06562504060421137,-10.803472036430566,11.5,True,0,19,1,1,19,0
L2_window_13,offtrack_boundary_relief,outcome_by_profile_source_kind,no_support,16,0,0,16,16,0.0,0.0,1.0,1.0,12.630154046321046,3.7023051301010357,19.5,True,0,0,16,16,0,0
L2_window_13,success_stabilizer,outcome_by_profile_source_kind,no_support,20,0,3,17,17,0.0,0.15,0.85,0.85,5.078202533549732,1.5215163294427723,23.85,True,0,3,17,17,3,0
L2_window_13_current_tiled,anchor_neighborhood,outcome_by_profile_source_kind,no_support,24,0,0,24,24,0.0,0.0,1.0,1.0,42.53009893240788,3.7196649730858193,18.583333333333332,True,0,0,24,24,0,0
L2_window_13_current_tiled,mitigation_isolation_check,outcome_by_profile_source_kind,no_support,20,0,19,1,1,0.0,0.95,0.05,0.05,0.014214971345516424,-10.806249694076918,11.4,True,0,19,1,1,19,0
L2_window_13_current_tiled,offtrack_boundary_relief,outcome_by_profile_source_kind,no_support,16,0,0,16,16,0.0,0.0,1.0,1.0,11.932711727955684,6.106492408254444,20.25,True,0,0,16,16,0,0
L2_window_13_current_tiled,success_stabilizer,outcome_by_profile_source_kind,no_support,20,0,4,16,18,0.0,0.2,0.8,0.9,5.16655451317875,0.29505151620403375,23.55,True,0,4,16,18,2,0
L2_window_25,anchor_neighborhood,outcome_by_profile_source_kind,no_support,24,0,0,24,24,0.0,0.0,1.0,1.0,42.37218062676552,4.042201931597219,18.833333333333332,True,0,0,24,24,0,0
L2_window_25,mitigation_isolation_check,outcome_by_profile_source_kind,no_support,20,0,19,1,2,0.0,0.95,0.05,0.1,-0.08678371594403658,-10.771048088203818,11.55,True,0,19,1,2,18,0
L2_window_25,offtrack_boundary_relief,outcome_by_profile_source_kind,no_support,16,0,0,16,16,0.0,0.0,1.0,1.0,12.143437910610688,4.194676831703251,20.125,True,0,0,16,16,0,0
L2_window_25,success_stabilizer,outcome_by_profile_source_kind,no_support,20,0,5,15,16,0.0,0.25,0.75,0.8,4.977246041114348,-0.038299481929688683,23.95,True,0,5,15,16,4,0
L2_window_25_current_tiled,anchor_neighborhood,outcome_by_profile_source_kind,no_support,24,0,0,24,24,0.0,0.0,1.0,1.0,42.608597079377816,3.588232752815227,18.5,True,0,0,24,24,0,0
L2_window_25_current_tiled,mitigation_isolation_check,outcome_by_profile_source_kind,no_support,20,0,19,1,1,0.0,0.95,0.05,0.05,-0.08685561279609473,-10.568252992552221,11.5,True,0,19,1,1,19,0
L2_window_25_current_tiled,offtrack_boundary_relief,outcome_by_profile_source_kind,no_support,16,0,0,16,16,0.0,0.0,1.0,1.0,12.727951931461451,3.9412426516069385,19.3125,True,0,0,16,16,0,0
L2_window_25_current_tiled,success_stabilizer,outcome_by_profile_source_kind,no_support,20,0,3,17,18,0.0,0.15,0.85,0.9,5.0795207511231775,1.8058863786939585,23.65,True,0,3,17,18,2,0
L2_window_50,anchor_neighborhood,outcome_by_profile_source_kind,no_support,24,0,0,24,24,0.0,0.0,1.0,1.0,42.501841119385126,3.866530709182521,18.708333333333332,True,0,0,24,24,0,0
L2_window_50,mitigation_isolation_check,outcome_by_profile_source_kind,no_support,20,0,19,1,1,0.0,0.95,0.05,0.05,0.01982390166361835,-10.441963589705203,11.4,True,0,19,1,1,19,0
L2_window_50,offtrack_boundary_relief,outcome_by_profile_source_kind,no_support,16,0,0,16,16,0.0,0.0,1.0,1.0,12.304570250349077,3.771186034624045,19.875,True,0,0,16,16,0,0
L2_window_50,success_stabilizer,outcome_by_profile_source_kind,no_support,20,0,3,17,18,0.0,0.15,0.85,0.9,4.945849019558543,1.6636384212775546,24.05,True,0,3,17,18,2,0
L2_window_50_current_tiled,anchor_neighborhood,outcome_by_profile_source_kind,no_support,24,0,0,24,24,0.0,0.0,1.0,1.0,42.681187385735406,3.271405147807716,18.416666666666668,True,0,0,24,24,0,0
L2_window_50_current_tiled,mitigation_isolation_check,outcome_by_profile_source_kind,no_support,20,0,19,1,1,0.0,0.95,0.05,0.05,-0.028755405555962066,-10.113363431811226,11.45,True,0,19,1,1,19,0
L2_window_50_current_tiled,offtrack_boundary_relief,outcome_by_profile_source_kind,no_support,16,0,0,16,16,0.0,0.0,1.0,1.0,12.685047007807825,3.941874337661621,19.375,True,0,0,16,16,0,0
L2_window_50_current_tiled,success_stabilizer,outcome_by_profile_source_kind,no_support,20,0,3,17,17,0.0,0.15,0.85,0.85,5.102691164940275,1.6148709102080872,23.55,True,0,3,17,17,3,0
L3_online_gru,anchor_neighborhood,outcome_by_profile_source_kind,no_support,24,0,0,24,24,0.0,0.0,1.0,1.0,40.677248501458244,10.182683885796187,20.916666666666668,True,0,0,24,24,0,0
L3_online_gru,mitigation_isolation_check,outcome_by_profile_source_kind,no_support,20,0,19,1,1,0.0,0.95,0.05,0.05,-0.10506470290940965,-8.012297409496558,11.6,True,0,19,1,1,19,0
L3_online_gru,offtrack_boundary_relief,outcome_by_profile_source_kind,no_support,16,0,0,16,16,0.0,0.0,1.0,1.0,10.85599427837603,10.552633454283388,21.8125,True,0,0,16,16,0,0
L3_online_gru,success_stabilizer,outcome_by_profile_source_kind,comparison_ready_candidate_without_profile_diversity_check,20,11,3,6,6,0.55,0.15,0.3,0.3,3.2203021300234282,22.302518100139885,29.65,True,11,3,6,6,3,11
L3_reset_control_corrected,anchor_neighborhood,outcome_by_profile_source_kind,no_support,24,0,0,24,24,0.0,0.0,1.0,1.0,40.470147569509265,10.44112135839847,21.25,True,0,0,24,24,0,0
L3_reset_control_corrected,mitigation_isolation_check,outcome_by_profile_source_kind,no_support,20,0,19,1,1,0.0,0.95,0.05,0.05,-0.0260611296465167,-8.156390675490467,11.6,True,0,19,1,1,19,0
L3_reset_control_corrected,offtrack_boundary_relief,outcome_by_profile_source_kind,no_support,16,0,0,16,16,0.0,0.0,1.0,1.0,10.783097448169602,9.868057666438474,22.0,True,0,0,16,16,0,0
L3_reset_control_corrected,success_stabilizer,outcome_by_profile_source_kind,comparison_ready_candidate_without_profile_diversity_check,20,11,2,7,7,0.55,0.1,0.35,0.35,3.3026107385260106,22.582776690104673,29.5,True,11,2,7,7,2,11
