claim_id,claim_family,claim_allowed_in_m2627,evidence_required_before_claim,status_pass,claim_boundary
selected_platform_source_build_adapter_probe_execution_design_materialized_claim_boundary,selected_platform_source_build_adapter_probe_execution_design_materialized,True,M2627 source-build command contract adapter-probe command contract isolation guard source-build artifact capture adapter-probe trace capture outcome taxonomy actor/action guard claim-boundary and gate rows,True,"Route A HF3 selected-platform source-build/adapter-probe execution design materialization only; command contracts isolation guards future artifact/trace capture contracts outcome taxonomy actor/action guard claim-boundary and gate panels may be materialized for the selected open/auditable platform family; not dependency execution readiness, source build execution, adapter probe execution, backend availability, reset execution, reset success, rollout feasibility, replay execution, validation protocol readiness, validation admission, external validation execution, high-fidelity validation readiness/result, ranking, driver performance, paper, FW-vs-GRU, current-sim verdict, high-fidelity validation, or self-ID"
dependency_ready_for_execution_claim_boundary,dependency_ready_for_execution,False,future dependency execution readiness audit,True,"Route A HF3 selected-platform source-build/adapter-probe execution design materialization only; command contracts isolation guards future artifact/trace capture contracts outcome taxonomy actor/action guard claim-boundary and gate panels may be materialized for the selected open/auditable platform family; not dependency execution readiness, source build execution, adapter probe execution, backend availability, reset execution, reset success, rollout feasibility, replay execution, validation protocol readiness, validation admission, external validation execution, high-fidelity validation readiness/result, ranking, driver performance, paper, FW-vs-GRU, current-sim verdict, high-fidelity validation, or self-ID"
source_build_executed_claim_boundary,source_build_executed,False,future explicit source build execution,True,"Route A HF3 selected-platform source-build/adapter-probe execution design materialization only; command contracts isolation guards future artifact/trace capture contracts outcome taxonomy actor/action guard claim-boundary and gate panels may be materialized for the selected open/auditable platform family; not dependency execution readiness, source build execution, adapter probe execution, backend availability, reset execution, reset success, rollout feasibility, replay execution, validation protocol readiness, validation admission, external validation execution, high-fidelity validation readiness/result, ranking, driver performance, paper, FW-vs-GRU, current-sim verdict, high-fidelity validation, or self-ID"
adapter_probe_executed_claim_boundary,adapter_probe_executed,False,future explicit adapter probe execution,True,"Route A HF3 selected-platform source-build/adapter-probe execution design materialization only; command contracts isolation guards future artifact/trace capture contracts outcome taxonomy actor/action guard claim-boundary and gate panels may be materialized for the selected open/auditable platform family; not dependency execution readiness, source build execution, adapter probe execution, backend availability, reset execution, reset success, rollout feasibility, replay execution, validation protocol readiness, validation admission, external validation execution, high-fidelity validation readiness/result, ranking, driver performance, paper, FW-vs-GRU, current-sim verdict, high-fidelity validation, or self-ID"
backend_available_claim_boundary,backend_available,False,future backend availability execution artifact,True,"Route A HF3 selected-platform source-build/adapter-probe execution design materialization only; command contracts isolation guards future artifact/trace capture contracts outcome taxonomy actor/action guard claim-boundary and gate panels may be materialized for the selected open/auditable platform family; not dependency execution readiness, source build execution, adapter probe execution, backend availability, reset execution, reset success, rollout feasibility, replay execution, validation protocol readiness, validation admission, external validation execution, high-fidelity validation readiness/result, ranking, driver performance, paper, FW-vs-GRU, current-sim verdict, high-fidelity validation, or self-ID"
reset_executed_claim_boundary,reset_executed,False,future explicit reset execution,True,"Route A HF3 selected-platform source-build/adapter-probe execution design materialization only; command contracts isolation guards future artifact/trace capture contracts outcome taxonomy actor/action guard claim-boundary and gate panels may be materialized for the selected open/auditable platform family; not dependency execution readiness, source build execution, adapter probe execution, backend availability, reset execution, reset success, rollout feasibility, replay execution, validation protocol readiness, validation admission, external validation execution, high-fidelity validation readiness/result, ranking, driver performance, paper, FW-vs-GRU, current-sim verdict, high-fidelity validation, or self-ID"
reset_success_claim_boundary,reset_success,False,future audited reset-success artifact,True,"Route A HF3 selected-platform source-build/adapter-probe execution design materialization only; command contracts isolation guards future artifact/trace capture contracts outcome taxonomy actor/action guard claim-boundary and gate panels may be materialized for the selected open/auditable platform family; not dependency execution readiness, source build execution, adapter probe execution, backend availability, reset execution, reset success, rollout feasibility, replay execution, validation protocol readiness, validation admission, external validation execution, high-fidelity validation readiness/result, ranking, driver performance, paper, FW-vs-GRU, current-sim verdict, high-fidelity validation, or self-ID"
policy_action_executed_claim_boundary,policy_action_executed,False,future explicit policy-action execution,True,"Route A HF3 selected-platform source-build/adapter-probe execution design materialization only; command contracts isolation guards future artifact/trace capture contracts outcome taxonomy actor/action guard claim-boundary and gate panels may be materialized for the selected open/auditable platform family; not dependency execution readiness, source build execution, adapter probe execution, backend availability, reset execution, reset success, rollout feasibility, replay execution, validation protocol readiness, validation admission, external validation execution, high-fidelity validation readiness/result, ranking, driver performance, paper, FW-vs-GRU, current-sim verdict, high-fidelity validation, or self-ID"
environment_step_executed_claim_boundary,environment_step_executed,False,future explicit environment-step execution,True,"Route A HF3 selected-platform source-build/adapter-probe execution design materialization only; command contracts isolation guards future artifact/trace capture contracts outcome taxonomy actor/action guard claim-boundary and gate panels may be materialized for the selected open/auditable platform family; not dependency execution readiness, source build execution, adapter probe execution, backend availability, reset execution, reset success, rollout feasibility, replay execution, validation protocol readiness, validation admission, external validation execution, high-fidelity validation readiness/result, ranking, driver performance, paper, FW-vs-GRU, current-sim verdict, high-fidelity validation, or self-ID"
rollout_executed_claim_boundary,rollout_executed,False,future explicit rollout execution,True,"Route A HF3 selected-platform source-build/adapter-probe execution design materialization only; command contracts isolation guards future artifact/trace capture contracts outcome taxonomy actor/action guard claim-boundary and gate panels may be materialized for the selected open/auditable platform family; not dependency execution readiness, source build execution, adapter probe execution, backend availability, reset execution, reset success, rollout feasibility, replay execution, validation protocol readiness, validation admission, external validation execution, high-fidelity validation readiness/result, ranking, driver performance, paper, FW-vs-GRU, current-sim verdict, high-fidelity validation, or self-ID"
rollout_feasibility_claim_boundary,rollout_feasibility,False,future rollout-feasibility audit,True,"Route A HF3 selected-platform source-build/adapter-probe execution design materialization only; command contracts isolation guards future artifact/trace capture contracts outcome taxonomy actor/action guard claim-boundary and gate panels may be materialized for the selected open/auditable platform family; not dependency execution readiness, source build execution, adapter probe execution, backend availability, reset execution, reset success, rollout feasibility, replay execution, validation protocol readiness, validation admission, external validation execution, high-fidelity validation readiness/result, ranking, driver performance, paper, FW-vs-GRU, current-sim verdict, high-fidelity validation, or self-ID"
replay_executed_claim_boundary,replay_executed,False,future explicit replay execution,True,"Route A HF3 selected-platform source-build/adapter-probe execution design materialization only; command contracts isolation guards future artifact/trace capture contracts outcome taxonomy actor/action guard claim-boundary and gate panels may be materialized for the selected open/auditable platform family; not dependency execution readiness, source build execution, adapter probe execution, backend availability, reset execution, reset success, rollout feasibility, replay execution, validation protocol readiness, validation admission, external validation execution, high-fidelity validation readiness/result, ranking, driver performance, paper, FW-vs-GRU, current-sim verdict, high-fidelity validation, or self-ID"
validation_protocol_readiness_claim_boundary,validation_protocol_readiness,False,future validation protocol-readiness audit,True,"Route A HF3 selected-platform source-build/adapter-probe execution design materialization only; command contracts isolation guards future artifact/trace capture contracts outcome taxonomy actor/action guard claim-boundary and gate panels may be materialized for the selected open/auditable platform family; not dependency execution readiness, source build execution, adapter probe execution, backend availability, reset execution, reset success, rollout feasibility, replay execution, validation protocol readiness, validation admission, external validation execution, high-fidelity validation readiness/result, ranking, driver performance, paper, FW-vs-GRU, current-sim verdict, high-fidelity validation, or self-ID"
validation_admission_claim_boundary,validation_admission,False,future validation-admission audit,True,"Route A HF3 selected-platform source-build/adapter-probe execution design materialization only; command contracts isolation guards future artifact/trace capture contracts outcome taxonomy actor/action guard claim-boundary and gate panels may be materialized for the selected open/auditable platform family; not dependency execution readiness, source build execution, adapter probe execution, backend availability, reset execution, reset success, rollout feasibility, replay execution, validation protocol readiness, validation admission, external validation execution, high-fidelity validation readiness/result, ranking, driver performance, paper, FW-vs-GRU, current-sim verdict, high-fidelity validation, or self-ID"
external_validation_execution_claim_boundary,external_validation_execution,False,future explicit external-validation execution,True,"Route A HF3 selected-platform source-build/adapter-probe execution design materialization only; command contracts isolation guards future artifact/trace capture contracts outcome taxonomy actor/action guard claim-boundary and gate panels may be materialized for the selected open/auditable platform family; not dependency execution readiness, source build execution, adapter probe execution, backend availability, reset execution, reset success, rollout feasibility, replay execution, validation protocol readiness, validation admission, external validation execution, high-fidelity validation readiness/result, ranking, driver performance, paper, FW-vs-GRU, current-sim verdict, high-fidelity validation, or self-ID"
validation_readiness_claim_boundary,validation_readiness,False,future validation readiness audit,True,"Route A HF3 selected-platform source-build/adapter-probe execution design materialization only; command contracts isolation guards future artifact/trace capture contracts outcome taxonomy actor/action guard claim-boundary and gate panels may be materialized for the selected open/auditable platform family; not dependency execution readiness, source build execution, adapter probe execution, backend availability, reset execution, reset success, rollout feasibility, replay execution, validation protocol readiness, validation admission, external validation execution, high-fidelity validation readiness/result, ranking, driver performance, paper, FW-vs-GRU, current-sim verdict, high-fidelity validation, or self-ID"
validation_result_claim_boundary,validation_result,False,future validation-result audit,True,"Route A HF3 selected-platform source-build/adapter-probe execution design materialization only; command contracts isolation guards future artifact/trace capture contracts outcome taxonomy actor/action guard claim-boundary and gate panels may be materialized for the selected open/auditable platform family; not dependency execution readiness, source build execution, adapter probe execution, backend availability, reset execution, reset success, rollout feasibility, replay execution, validation protocol readiness, validation admission, external validation execution, high-fidelity validation readiness/result, ranking, driver performance, paper, FW-vs-GRU, current-sim verdict, high-fidelity validation, or self-ID"
high_fidelity_validation_readiness_claim_boundary,high_fidelity_validation_readiness,False,future high-fidelity readiness audit,True,"Route A HF3 selected-platform source-build/adapter-probe execution design materialization only; command contracts isolation guards future artifact/trace capture contracts outcome taxonomy actor/action guard claim-boundary and gate panels may be materialized for the selected open/auditable platform family; not dependency execution readiness, source build execution, adapter probe execution, backend availability, reset execution, reset success, rollout feasibility, replay execution, validation protocol readiness, validation admission, external validation execution, high-fidelity validation readiness/result, ranking, driver performance, paper, FW-vs-GRU, current-sim verdict, high-fidelity validation, or self-ID"
high_fidelity_validation_result_claim_boundary,high_fidelity_validation_result,False,future high-fidelity validation result audit,True,"Route A HF3 selected-platform source-build/adapter-probe execution design materialization only; command contracts isolation guards future artifact/trace capture contracts outcome taxonomy actor/action guard claim-boundary and gate panels may be materialized for the selected open/auditable platform family; not dependency execution readiness, source build execution, adapter probe execution, backend availability, reset execution, reset success, rollout feasibility, replay execution, validation protocol readiness, validation admission, external validation execution, high-fidelity validation readiness/result, ranking, driver performance, paper, FW-vs-GRU, current-sim verdict, high-fidelity validation, or self-ID"
driver_performance_claim_boundary,driver_performance,False,measured validation with claim-boundary audit,True,"Route A HF3 selected-platform source-build/adapter-probe execution design materialization only; command contracts isolation guards future artifact/trace capture contracts outcome taxonomy actor/action guard claim-boundary and gate panels may be materialized for the selected open/auditable platform family; not dependency execution readiness, source build execution, adapter probe execution, backend availability, reset execution, reset success, rollout feasibility, replay execution, validation protocol readiness, validation admission, external validation execution, high-fidelity validation readiness/result, ranking, driver performance, paper, FW-vs-GRU, current-sim verdict, high-fidelity validation, or self-ID"
controller_family_ranking_claim_boundary,controller_family_ranking,False,controller-family comparison milestone,True,"Route A HF3 selected-platform source-build/adapter-probe execution design materialization only; command contracts isolation guards future artifact/trace capture contracts outcome taxonomy actor/action guard claim-boundary and gate panels may be materialized for the selected open/auditable platform family; not dependency execution readiness, source build execution, adapter probe execution, backend availability, reset execution, reset success, rollout feasibility, replay execution, validation protocol readiness, validation admission, external validation execution, high-fidelity validation readiness/result, ranking, driver performance, paper, FW-vs-GRU, current-sim verdict, high-fidelity validation, or self-ID"
winner_selection_claim_boundary,winner_selection,False,controller-family comparison milestone,True,"Route A HF3 selected-platform source-build/adapter-probe execution design materialization only; command contracts isolation guards future artifact/trace capture contracts outcome taxonomy actor/action guard claim-boundary and gate panels may be materialized for the selected open/auditable platform family; not dependency execution readiness, source build execution, adapter probe execution, backend availability, reset execution, reset success, rollout feasibility, replay execution, validation protocol readiness, validation admission, external validation execution, high-fidelity validation readiness/result, ranking, driver performance, paper, FW-vs-GRU, current-sim verdict, high-fidelity validation, or self-ID"
success_rate_claim_boundary,success_rate,False,separate verdict milestone,True,"Route A HF3 selected-platform source-build/adapter-probe execution design materialization only; command contracts isolation guards future artifact/trace capture contracts outcome taxonomy actor/action guard claim-boundary and gate panels may be materialized for the selected open/auditable platform family; not dependency execution readiness, source build execution, adapter probe execution, backend availability, reset execution, reset success, rollout feasibility, replay execution, validation protocol readiness, validation admission, external validation execution, high-fidelity validation readiness/result, ranking, driver performance, paper, FW-vs-GRU, current-sim verdict, high-fidelity validation, or self-ID"
checkpoint_promotion_claim_boundary,checkpoint_promotion,False,promotion gates after proof and generalization retention,True,"Route A HF3 selected-platform source-build/adapter-probe execution design materialization only; command contracts isolation guards future artifact/trace capture contracts outcome taxonomy actor/action guard claim-boundary and gate panels may be materialized for the selected open/auditable platform family; not dependency execution readiness, source build execution, adapter probe execution, backend availability, reset execution, reset success, rollout feasibility, replay execution, validation protocol readiness, validation admission, external validation execution, high-fidelity validation readiness/result, ranking, driver performance, paper, FW-vs-GRU, current-sim verdict, high-fidelity validation, or self-ID"
current_sim_verdict_claim_boundary,current_sim_verdict,False,separate current-sim verdict synthesis,True,"Route A HF3 selected-platform source-build/adapter-probe execution design materialization only; command contracts isolation guards future artifact/trace capture contracts outcome taxonomy actor/action guard claim-boundary and gate panels may be materialized for the selected open/auditable platform family; not dependency execution readiness, source build execution, adapter probe execution, backend availability, reset execution, reset success, rollout feasibility, replay execution, validation protocol readiness, validation admission, external validation execution, high-fidelity validation readiness/result, ranking, driver performance, paper, FW-vs-GRU, current-sim verdict, high-fidelity validation, or self-ID"
paper_level_evidence_claim_boundary,paper_level_evidence,False,separate paper-route evidence matrix,True,"Route A HF3 selected-platform source-build/adapter-probe execution design materialization only; command contracts isolation guards future artifact/trace capture contracts outcome taxonomy actor/action guard claim-boundary and gate panels may be materialized for the selected open/auditable platform family; not dependency execution readiness, source build execution, adapter probe execution, backend availability, reset execution, reset success, rollout feasibility, replay execution, validation protocol readiness, validation admission, external validation execution, high-fidelity validation readiness/result, ranking, driver performance, paper, FW-vs-GRU, current-sim verdict, high-fidelity validation, or self-ID"
finite_window_vs_gru_claim_boundary,finite_window_vs_gru,False,separate finite-window-vs-GRU matrix,True,"Route A HF3 selected-platform source-build/adapter-probe execution design materialization only; command contracts isolation guards future artifact/trace capture contracts outcome taxonomy actor/action guard claim-boundary and gate panels may be materialized for the selected open/auditable platform family; not dependency execution readiness, source build execution, adapter probe execution, backend availability, reset execution, reset success, rollout feasibility, replay execution, validation protocol readiness, validation admission, external validation execution, high-fidelity validation readiness/result, ranking, driver performance, paper, FW-vs-GRU, current-sim verdict, high-fidelity validation, or self-ID"
level3_self_identification_claim_boundary,level3_self_identification,False,separate self-ID proof gate,True,"Route A HF3 selected-platform source-build/adapter-probe execution design materialization only; command contracts isolation guards future artifact/trace capture contracts outcome taxonomy actor/action guard claim-boundary and gate panels may be materialized for the selected open/auditable platform family; not dependency execution readiness, source build execution, adapter probe execution, backend availability, reset execution, reset success, rollout feasibility, replay execution, validation protocol readiness, validation admission, external validation execution, high-fidelity validation readiness/result, ranking, driver performance, paper, FW-vs-GRU, current-sim verdict, high-fidelity validation, or self-ID"
