gate_id,gate_family,status_pass,observed,expected,failure_type,claim_boundary
m2963_source_artifacts_present,lineage,True,"{'m2961_audit': True, 'm2962_synthesis': True, 'm2960_summary': True, 'execution_candidate_rows': True, 'execution_resolution_rows': True, 'actor_head_delta_contract_execution_rows': True, 'bounded_execution_rows': True, 'bounded_execution_failure_rows': True, 'source_milestone_aggregate': True, 'task_family_aggregate': True, 'guardrail_context_rows': True, 'actor_contract_guard_rows': True, 'claim_boundary_rows': True, 'gate_matrix': True, 'follow_up_manifest': True}",M2960/M2961/M2962/follow-up artifacts present,,"M2963 Route A actor-head delta post-zero-residual failure-localization and residual-objective admission materialization only; M2960 zero-residual diagnostic execution rows may be grouped into outcome, source, task, and objective-admission rows, while 11 stale fixed-source rows remain non-executed guardrails. No reset, step, rollout, replay, validation, training, PPO, dependency work, nonzero residual selection, ranking, winner selection, promotion, success-rate verdict, repair success, driver-performance, paper, finite-window-vs-GRU, current-sim, high-fidelity validation, full ideal driver, or self-ID claim is made"
m2963_m2961_accepts_m2960,lineage,True,True,True,,"M2963 Route A actor-head delta post-zero-residual failure-localization and residual-objective admission materialization only; M2960 zero-residual diagnostic execution rows may be grouped into outcome, source, task, and objective-admission rows, while 11 stale fixed-source rows remain non-executed guardrails. No reset, step, rollout, replay, validation, training, PPO, dependency work, nonzero residual selection, ranking, winner selection, promotion, success-rate verdict, repair success, driver-performance, paper, finite-window-vs-GRU, current-sim, high-fidelity validation, full ideal driver, or self-ID claim is made"
m2963_m2962_admits_m2963,lineage,True,True,True,,"M2963 Route A actor-head delta post-zero-residual failure-localization and residual-objective admission materialization only; M2960 zero-residual diagnostic execution rows may be grouped into outcome, source, task, and objective-admission rows, while 11 stale fixed-source rows remain non-executed guardrails. No reset, step, rollout, replay, validation, training, PPO, dependency work, nonzero residual selection, ranking, winner selection, promotion, success-rate verdict, repair success, driver-performance, paper, finite-window-vs-GRU, current-sim, high-fidelity validation, full ideal driver, or self-ID claim is made"
m2963_m2960_status_pass,lineage,True,"{'status_pass': True, 'gate_matrix_pass': True}",both true,,"M2963 Route A actor-head delta post-zero-residual failure-localization and residual-objective admission materialization only; M2960 zero-residual diagnostic execution rows may be grouped into outcome, source, task, and objective-admission rows, while 11 stale fixed-source rows remain non-executed guardrails. No reset, step, rollout, replay, validation, training, PPO, dependency work, nonzero residual selection, ranking, winner selection, promotion, success-rate verdict, repair success, driver-performance, paper, finite-window-vs-GRU, current-sim, high-fidelity validation, full ideal driver, or self-ID claim is made"
m2963_execution_rows_loaded,localization,True,56,56,,"M2963 Route A actor-head delta post-zero-residual failure-localization and residual-objective admission materialization only; M2960 zero-residual diagnostic execution rows may be grouped into outcome, source, task, and objective-admission rows, while 11 stale fixed-source rows remain non-executed guardrails. No reset, step, rollout, replay, validation, training, PPO, dependency work, nonzero residual selection, ranking, winner selection, promotion, success-rate verdict, repair success, driver-performance, paper, finite-window-vs-GRU, current-sim, high-fidelity validation, full ideal driver, or self-ID claim is made"
m2963_failure_rows_preserved,localization,True,0,0,,"M2963 Route A actor-head delta post-zero-residual failure-localization and residual-objective admission materialization only; M2960 zero-residual diagnostic execution rows may be grouped into outcome, source, task, and objective-admission rows, while 11 stale fixed-source rows remain non-executed guardrails. No reset, step, rollout, replay, validation, training, PPO, dependency work, nonzero residual selection, ranking, winner selection, promotion, success-rate verdict, repair success, driver-performance, paper, finite-window-vs-GRU, current-sim, high-fidelity validation, full ideal driver, or self-ID claim is made"
m2963_contract_rows_loaded,contract,True,rows=56 pass=56,56 rows all pass,,"M2963 Route A actor-head delta post-zero-residual failure-localization and residual-objective admission materialization only; M2960 zero-residual diagnostic execution rows may be grouped into outcome, source, task, and objective-admission rows, while 11 stale fixed-source rows remain non-executed guardrails. No reset, step, rollout, replay, validation, training, PPO, dependency work, nonzero residual selection, ranking, winner selection, promotion, success-rate verdict, repair success, driver-performance, paper, finite-window-vs-GRU, current-sim, high-fidelity validation, full ideal driver, or self-ID claim is made"
m2963_outcome_counts_match_m2960,localization,True,"{'off_track': 35, 'diagnostic_success': 13, 'collision': 7, 'speed_too_low': 1}","{'diagnostic_success': 13, 'collision': 7, 'off_track': 35, 'speed_too_low': 1}",,"M2963 Route A actor-head delta post-zero-residual failure-localization and residual-objective admission materialization only; M2960 zero-residual diagnostic execution rows may be grouped into outcome, source, task, and objective-admission rows, while 11 stale fixed-source rows remain non-executed guardrails. No reset, step, rollout, replay, validation, training, PPO, dependency work, nonzero residual selection, ranking, winner selection, promotion, success-rate verdict, repair success, driver-performance, paper, finite-window-vs-GRU, current-sim, high-fidelity validation, full ideal driver, or self-ID claim is made"
m2963_source_milestone_counts_match_m2960,localization,True,"{'m2737': 18, 'm2746': 14, 'm2807': 12, 'm2816': 12}","{'m2737': 18, 'm2746': 14, 'm2807': 12, 'm2816': 12}",,"M2963 Route A actor-head delta post-zero-residual failure-localization and residual-objective admission materialization only; M2960 zero-residual diagnostic execution rows may be grouped into outcome, source, task, and objective-admission rows, while 11 stale fixed-source rows remain non-executed guardrails. No reset, step, rollout, replay, validation, training, PPO, dependency work, nonzero residual selection, ranking, winner selection, promotion, success-rate verdict, repair success, driver-performance, paper, finite-window-vs-GRU, current-sim, high-fidelity validation, full ideal driver, or self-ID claim is made"
m2963_localization_rows_account_all,localization,True,56,56,,"M2963 Route A actor-head delta post-zero-residual failure-localization and residual-objective admission materialization only; M2960 zero-residual diagnostic execution rows may be grouped into outcome, source, task, and objective-admission rows, while 11 stale fixed-source rows remain non-executed guardrails. No reset, step, rollout, replay, validation, training, PPO, dependency work, nonzero residual selection, ranking, winner selection, promotion, success-rate verdict, repair success, driver-performance, paper, finite-window-vs-GRU, current-sim, high-fidelity validation, full ideal driver, or self-ID claim is made"
m2963_source_aggregate_accounts_all,localization,True,56,56,,"M2963 Route A actor-head delta post-zero-residual failure-localization and residual-objective admission materialization only; M2960 zero-residual diagnostic execution rows may be grouped into outcome, source, task, and objective-admission rows, while 11 stale fixed-source rows remain non-executed guardrails. No reset, step, rollout, replay, validation, training, PPO, dependency work, nonzero residual selection, ranking, winner selection, promotion, success-rate verdict, repair success, driver-performance, paper, finite-window-vs-GRU, current-sim, high-fidelity validation, full ideal driver, or self-ID claim is made"
m2963_task_aggregate_accounts_all,localization,True,56,56,,"M2963 Route A actor-head delta post-zero-residual failure-localization and residual-objective admission materialization only; M2960 zero-residual diagnostic execution rows may be grouped into outcome, source, task, and objective-admission rows, while 11 stale fixed-source rows remain non-executed guardrails. No reset, step, rollout, replay, validation, training, PPO, dependency work, nonzero residual selection, ranking, winner selection, promotion, success-rate verdict, repair success, driver-performance, paper, finite-window-vs-GRU, current-sim, high-fidelity validation, full ideal driver, or self-ID claim is made"
m2963_outcome_aggregate_accounts_all,localization,True,56,56,,"M2963 Route A actor-head delta post-zero-residual failure-localization and residual-objective admission materialization only; M2960 zero-residual diagnostic execution rows may be grouped into outcome, source, task, and objective-admission rows, while 11 stale fixed-source rows remain non-executed guardrails. No reset, step, rollout, replay, validation, training, PPO, dependency work, nonzero residual selection, ranking, winner selection, promotion, success-rate verdict, repair success, driver-performance, paper, finite-window-vs-GRU, current-sim, high-fidelity validation, full ideal driver, or self-ID claim is made"
m2963_objective_admission_rows_present,objective_admission,True,"{'rows': 4, 'admitted': 3}",>=3 rows with >=2 admitted for audit,,"M2963 Route A actor-head delta post-zero-residual failure-localization and residual-objective admission materialization only; M2960 zero-residual diagnostic execution rows may be grouped into outcome, source, task, and objective-admission rows, while 11 stale fixed-source rows remain non-executed guardrails. No reset, step, rollout, replay, validation, training, PPO, dependency work, nonzero residual selection, ranking, winner selection, promotion, success-rate verdict, repair success, driver-performance, paper, finite-window-vs-GRU, current-sim, high-fidelity validation, full ideal driver, or self-ID claim is made"
m2963_objective_admission_no_execution_or_ranking,contract,True,all false,all false,,"M2963 Route A actor-head delta post-zero-residual failure-localization and residual-objective admission materialization only; M2960 zero-residual diagnostic execution rows may be grouped into outcome, source, task, and objective-admission rows, while 11 stale fixed-source rows remain non-executed guardrails. No reset, step, rollout, replay, validation, training, PPO, dependency work, nonzero residual selection, ranking, winner selection, promotion, success-rate verdict, repair success, driver-performance, paper, finite-window-vs-GRU, current-sim, high-fidelity validation, full ideal driver, or self-ID claim is made"
m2963_blocked_stale_guardrails_preserved,guardrail,True,"{'blocked_stale_guard_row_count': 11, 'guard_execution': False}",11 and no execution,,"M2963 Route A actor-head delta post-zero-residual failure-localization and residual-objective admission materialization only; M2960 zero-residual diagnostic execution rows may be grouped into outcome, source, task, and objective-admission rows, while 11 stale fixed-source rows remain non-executed guardrails. No reset, step, rollout, replay, validation, training, PPO, dependency work, nonzero residual selection, ranking, winner selection, promotion, success-rate verdict, repair success, driver-performance, paper, finite-window-vs-GRU, current-sim, high-fidelity validation, full ideal driver, or self-ID claim is made"
m2963_actor_contract_guards_pass,contract,True,rows=24 pass=24,all actor guards pass,,"M2963 Route A actor-head delta post-zero-residual failure-localization and residual-objective admission materialization only; M2960 zero-residual diagnostic execution rows may be grouped into outcome, source, task, and objective-admission rows, while 11 stale fixed-source rows remain non-executed guardrails. No reset, step, rollout, replay, validation, training, PPO, dependency work, nonzero residual selection, ranking, winner selection, promotion, success-rate verdict, repair success, driver-performance, paper, finite-window-vs-GRU, current-sim, high-fidelity validation, full ideal driver, or self-ID claim is made"
m2963_no_forbidden_execution_or_overclaim,execution_guardrail,True,no M2963 execution/ranking/promotion/overclaim flags,all false,,"M2963 Route A actor-head delta post-zero-residual failure-localization and residual-objective admission materialization only; M2960 zero-residual diagnostic execution rows may be grouped into outcome, source, task, and objective-admission rows, while 11 stale fixed-source rows remain non-executed guardrails. No reset, step, rollout, replay, validation, training, PPO, dependency work, nonzero residual selection, ranking, winner selection, promotion, success-rate verdict, repair success, driver-performance, paper, finite-window-vs-GRU, current-sim, high-fidelity validation, full ideal driver, or self-ID claim is made"
m2963_claim_boundary_blocks_overclaim,claim_boundary,True,allowed=11 blocked=18,allowed pass and blocked not made,,"M2963 Route A actor-head delta post-zero-residual failure-localization and residual-objective admission materialization only; M2960 zero-residual diagnostic execution rows may be grouped into outcome, source, task, and objective-admission rows, while 11 stale fixed-source rows remain non-executed guardrails. No reset, step, rollout, replay, validation, training, PPO, dependency work, nonzero residual selection, ranking, winner selection, promotion, success-rate verdict, repair success, driver-performance, paper, finite-window-vs-GRU, current-sim, high-fidelity validation, full ideal driver, or self-ID claim is made"
m2963_required_artifacts_present,artifact,True,True,True,,"M2963 Route A actor-head delta post-zero-residual failure-localization and residual-objective admission materialization only; M2960 zero-residual diagnostic execution rows may be grouped into outcome, source, task, and objective-admission rows, while 11 stale fixed-source rows remain non-executed guardrails. No reset, step, rollout, replay, validation, training, PPO, dependency work, nonzero residual selection, ranking, winner selection, promotion, success-rate verdict, repair success, driver-performance, paper, finite-window-vs-GRU, current-sim, high-fidelity validation, full ideal driver, or self-ID claim is made"
