source_artifact_id,source_path,source_exists,required,row_count_or_summary,source_role,claim_scope,blocked_interpretation
m2702_design,docs/m2702-engineering-controller-protected-runner-execution-admission-design.md,True,True,decision_present=True,execution-admission design boundary,"M2703 protected runner execution-admission materialization only; M2700 adapter input-source, candidate mapping, rejection, traceability, actor-contract, claim-boundary, gate rows, M2701 audit, M2702 design, and M1690 schema references may be reanalyzed into execution-admission input-source, candidate, rejection, traceability, actor-contract, claim-boundary, and gate rows, but no reset, step, rollout, replay, validation, training, PPO, private holdout, profile-specific tuning, ranking, winner selection, promotion, success-rate verdict, repair-success, driver-performance, paper, finite-window-vs-GRU, current-response, current-sim, high-fidelity validation, full ideal driver, or self-ID claim is made","protected execution result, repair success, driver performance, validation readiness or result, protected mitigation preservation result, controller-family ranking, winner selection, checkpoint promotion, success-rate verdict, paper evidence, finite-window-vs-GRU conclusion, current-response sufficiency, current-sim verdict, high-fidelity validation readiness or result, full ideal driver completion, or level3 self-identification"
m2701_audit,docs/m2701-engineering-controller-protected-runner-adapter-contract-materialization-result-audit.md,True,True,decision_present=True,parent adapter-contract result audit,"M2703 protected runner execution-admission materialization only; M2700 adapter input-source, candidate mapping, rejection, traceability, actor-contract, claim-boundary, gate rows, M2701 audit, M2702 design, and M1690 schema references may be reanalyzed into execution-admission input-source, candidate, rejection, traceability, actor-contract, claim-boundary, and gate rows, but no reset, step, rollout, replay, validation, training, PPO, private holdout, profile-specific tuning, ranking, winner selection, promotion, success-rate verdict, repair-success, driver-performance, paper, finite-window-vs-GRU, current-response, current-sim, high-fidelity validation, full ideal driver, or self-ID claim is made","protected execution result, repair success, driver performance, validation readiness or result, protected mitigation preservation result, controller-family ranking, winner selection, checkpoint promotion, success-rate verdict, paper evidence, finite-window-vs-GRU conclusion, current-response sufficiency, current-sim verdict, high-fidelity validation readiness or result, full ideal driver completion, or level3 self-identification"
m2700_summary,runs/m2700_engineering_controller_protected_runner_adapter_contract/summary.json,True,True,status_pass=True;result_class=engineering_controller_protected_runner_adapter_contract_materialization_pass,parent adapter-contract status and count summary,"M2703 protected runner execution-admission materialization only; M2700 adapter input-source, candidate mapping, rejection, traceability, actor-contract, claim-boundary, gate rows, M2701 audit, M2702 design, and M1690 schema references may be reanalyzed into execution-admission input-source, candidate, rejection, traceability, actor-contract, claim-boundary, and gate rows, but no reset, step, rollout, replay, validation, training, PPO, private holdout, profile-specific tuning, ranking, winner selection, promotion, success-rate verdict, repair-success, driver-performance, paper, finite-window-vs-GRU, current-response, current-sim, high-fidelity validation, full ideal driver, or self-ID claim is made","protected execution result, repair success, driver performance, validation readiness or result, protected mitigation preservation result, controller-family ranking, winner selection, checkpoint promotion, success-rate verdict, paper evidence, finite-window-vs-GRU conclusion, current-response sufficiency, current-sim verdict, high-fidelity validation readiness or result, full ideal driver completion, or level3 self-identification"
m2700_adapter_input_source_rows,runs/m2700_engineering_controller_protected_runner_adapter_contract/adapter_input_source_rows.csv,True,True,rows=11,parent adapter input-source rows,"M2703 protected runner execution-admission materialization only; M2700 adapter input-source, candidate mapping, rejection, traceability, actor-contract, claim-boundary, gate rows, M2701 audit, M2702 design, and M1690 schema references may be reanalyzed into execution-admission input-source, candidate, rejection, traceability, actor-contract, claim-boundary, and gate rows, but no reset, step, rollout, replay, validation, training, PPO, private holdout, profile-specific tuning, ranking, winner selection, promotion, success-rate verdict, repair-success, driver-performance, paper, finite-window-vs-GRU, current-response, current-sim, high-fidelity validation, full ideal driver, or self-ID claim is made","protected execution result, repair success, driver performance, validation readiness or result, protected mitigation preservation result, controller-family ranking, winner selection, checkpoint promotion, success-rate verdict, paper evidence, finite-window-vs-GRU conclusion, current-response sufficiency, current-sim verdict, high-fidelity validation readiness or result, full ideal driver completion, or level3 self-identification"
m2700_adapter_candidate_mapping_rows,runs/m2700_engineering_controller_protected_runner_adapter_contract/adapter_candidate_mapping_rows.csv,True,True,rows=12,parent adapter candidate mapping rows,"M2703 protected runner execution-admission materialization only; M2700 adapter input-source, candidate mapping, rejection, traceability, actor-contract, claim-boundary, gate rows, M2701 audit, M2702 design, and M1690 schema references may be reanalyzed into execution-admission input-source, candidate, rejection, traceability, actor-contract, claim-boundary, and gate rows, but no reset, step, rollout, replay, validation, training, PPO, private holdout, profile-specific tuning, ranking, winner selection, promotion, success-rate verdict, repair-success, driver-performance, paper, finite-window-vs-GRU, current-response, current-sim, high-fidelity validation, full ideal driver, or self-ID claim is made","protected execution result, repair success, driver performance, validation readiness or result, protected mitigation preservation result, controller-family ranking, winner selection, checkpoint promotion, success-rate verdict, paper evidence, finite-window-vs-GRU conclusion, current-response sufficiency, current-sim verdict, high-fidelity validation readiness or result, full ideal driver completion, or level3 self-identification"
m2700_adapter_rejection_rows,runs/m2700_engineering_controller_protected_runner_adapter_contract/adapter_rejection_rows.csv,True,True,rows=0,parent adapter rejection rows,"M2703 protected runner execution-admission materialization only; M2700 adapter input-source, candidate mapping, rejection, traceability, actor-contract, claim-boundary, gate rows, M2701 audit, M2702 design, and M1690 schema references may be reanalyzed into execution-admission input-source, candidate, rejection, traceability, actor-contract, claim-boundary, and gate rows, but no reset, step, rollout, replay, validation, training, PPO, private holdout, profile-specific tuning, ranking, winner selection, promotion, success-rate verdict, repair-success, driver-performance, paper, finite-window-vs-GRU, current-response, current-sim, high-fidelity validation, full ideal driver, or self-ID claim is made","protected execution result, repair success, driver performance, validation readiness or result, protected mitigation preservation result, controller-family ranking, winner selection, checkpoint promotion, success-rate verdict, paper evidence, finite-window-vs-GRU conclusion, current-response sufficiency, current-sim verdict, high-fidelity validation readiness or result, full ideal driver completion, or level3 self-identification"
m2700_adapter_traceability_rows,runs/m2700_engineering_controller_protected_runner_adapter_contract/adapter_traceability_rows.csv,True,True,rows=160,parent adapter traceability rows,"M2703 protected runner execution-admission materialization only; M2700 adapter input-source, candidate mapping, rejection, traceability, actor-contract, claim-boundary, gate rows, M2701 audit, M2702 design, and M1690 schema references may be reanalyzed into execution-admission input-source, candidate, rejection, traceability, actor-contract, claim-boundary, and gate rows, but no reset, step, rollout, replay, validation, training, PPO, private holdout, profile-specific tuning, ranking, winner selection, promotion, success-rate verdict, repair-success, driver-performance, paper, finite-window-vs-GRU, current-response, current-sim, high-fidelity validation, full ideal driver, or self-ID claim is made","protected execution result, repair success, driver performance, validation readiness or result, protected mitigation preservation result, controller-family ranking, winner selection, checkpoint promotion, success-rate verdict, paper evidence, finite-window-vs-GRU conclusion, current-response sufficiency, current-sim verdict, high-fidelity validation readiness or result, full ideal driver completion, or level3 self-identification"
m2700_actor_contract_guard_rows,runs/m2700_engineering_controller_protected_runner_adapter_contract/actor_contract_guard_rows.csv,True,True,rows=11,parent actor/action guard rows,"M2703 protected runner execution-admission materialization only; M2700 adapter input-source, candidate mapping, rejection, traceability, actor-contract, claim-boundary, gate rows, M2701 audit, M2702 design, and M1690 schema references may be reanalyzed into execution-admission input-source, candidate, rejection, traceability, actor-contract, claim-boundary, and gate rows, but no reset, step, rollout, replay, validation, training, PPO, private holdout, profile-specific tuning, ranking, winner selection, promotion, success-rate verdict, repair-success, driver-performance, paper, finite-window-vs-GRU, current-response, current-sim, high-fidelity validation, full ideal driver, or self-ID claim is made","protected execution result, repair success, driver performance, validation readiness or result, protected mitigation preservation result, controller-family ranking, winner selection, checkpoint promotion, success-rate verdict, paper evidence, finite-window-vs-GRU conclusion, current-response sufficiency, current-sim verdict, high-fidelity validation readiness or result, full ideal driver completion, or level3 self-identification"
m2700_claim_boundary_rows,runs/m2700_engineering_controller_protected_runner_adapter_contract/claim_boundary_rows.csv,True,True,rows=33,parent claim boundary rows,"M2703 protected runner execution-admission materialization only; M2700 adapter input-source, candidate mapping, rejection, traceability, actor-contract, claim-boundary, gate rows, M2701 audit, M2702 design, and M1690 schema references may be reanalyzed into execution-admission input-source, candidate, rejection, traceability, actor-contract, claim-boundary, and gate rows, but no reset, step, rollout, replay, validation, training, PPO, private holdout, profile-specific tuning, ranking, winner selection, promotion, success-rate verdict, repair-success, driver-performance, paper, finite-window-vs-GRU, current-response, current-sim, high-fidelity validation, full ideal driver, or self-ID claim is made","protected execution result, repair success, driver performance, validation readiness or result, protected mitigation preservation result, controller-family ranking, winner selection, checkpoint promotion, success-rate verdict, paper evidence, finite-window-vs-GRU conclusion, current-response sufficiency, current-sim verdict, high-fidelity validation readiness or result, full ideal driver completion, or level3 self-identification"
m2700_gate_matrix,runs/m2700_engineering_controller_protected_runner_adapter_contract/gate_matrix.csv,True,True,rows=19,parent gate matrix rows,"M2703 protected runner execution-admission materialization only; M2700 adapter input-source, candidate mapping, rejection, traceability, actor-contract, claim-boundary, gate rows, M2701 audit, M2702 design, and M1690 schema references may be reanalyzed into execution-admission input-source, candidate, rejection, traceability, actor-contract, claim-boundary, and gate rows, but no reset, step, rollout, replay, validation, training, PPO, private holdout, profile-specific tuning, ranking, winner selection, promotion, success-rate verdict, repair-success, driver-performance, paper, finite-window-vs-GRU, current-response, current-sim, high-fidelity validation, full ideal driver, or self-ID claim is made","protected execution result, repair success, driver performance, validation readiness or result, protected mitigation preservation result, controller-family ranking, winner selection, checkpoint promotion, success-rate verdict, paper evidence, finite-window-vs-GRU conclusion, current-response sufficiency, current-sim verdict, high-fidelity validation readiness or result, full ideal driver completion, or level3 self-identification"
executable_task_specs,runs/m1690_controller_family_executable_workload_materialization_preflight/executable_task_specs.json,True,True,json_keys=claim_scope;executable_task_specs;generated_at_utc;protocol_name;source_task_specs;source_workload_matrix,current executable task schema reference,"M2703 protected runner execution-admission materialization only; M2700 adapter input-source, candidate mapping, rejection, traceability, actor-contract, claim-boundary, gate rows, M2701 audit, M2702 design, and M1690 schema references may be reanalyzed into execution-admission input-source, candidate, rejection, traceability, actor-contract, claim-boundary, and gate rows, but no reset, step, rollout, replay, validation, training, PPO, private holdout, profile-specific tuning, ranking, winner selection, promotion, success-rate verdict, repair-success, driver-performance, paper, finite-window-vs-GRU, current-response, current-sim, high-fidelity validation, full ideal driver, or self-ID claim is made","protected execution result, repair success, driver performance, validation readiness or result, protected mitigation preservation result, controller-family ranking, winner selection, checkpoint promotion, success-rate verdict, paper evidence, finite-window-vs-GRU conclusion, current-response sufficiency, current-sim verdict, high-fidelity validation readiness or result, full ideal driver completion, or level3 self-identification"
executable_workload_matrix,runs/m1690_controller_family_executable_workload_materialization_preflight/executable_workload_matrix.csv,True,True,rows=864,current executable workload schema reference,"M2703 protected runner execution-admission materialization only; M2700 adapter input-source, candidate mapping, rejection, traceability, actor-contract, claim-boundary, gate rows, M2701 audit, M2702 design, and M1690 schema references may be reanalyzed into execution-admission input-source, candidate, rejection, traceability, actor-contract, claim-boundary, and gate rows, but no reset, step, rollout, replay, validation, training, PPO, private holdout, profile-specific tuning, ranking, winner selection, promotion, success-rate verdict, repair-success, driver-performance, paper, finite-window-vs-GRU, current-response, current-sim, high-fidelity validation, full ideal driver, or self-ID claim is made","protected execution result, repair success, driver performance, validation readiness or result, protected mitigation preservation result, controller-family ranking, winner selection, checkpoint promotion, success-rate verdict, paper evidence, finite-window-vs-GRU conclusion, current-response sufficiency, current-sim verdict, high-fidelity validation readiness or result, full ideal driver completion, or level3 self-identification"
follow_up_manifest,experiments/manifests/m2704-engineering-controller-protected-runner-execution-admission-materialization-result-audit.json,True,True,exists=True,M2704 result audit registration,"M2703 protected runner execution-admission materialization only; M2700 adapter input-source, candidate mapping, rejection, traceability, actor-contract, claim-boundary, gate rows, M2701 audit, M2702 design, and M1690 schema references may be reanalyzed into execution-admission input-source, candidate, rejection, traceability, actor-contract, claim-boundary, and gate rows, but no reset, step, rollout, replay, validation, training, PPO, private holdout, profile-specific tuning, ranking, winner selection, promotion, success-rate verdict, repair-success, driver-performance, paper, finite-window-vs-GRU, current-response, current-sim, high-fidelity validation, full ideal driver, or self-ID claim is made","protected execution result, repair success, driver performance, validation readiness or result, protected mitigation preservation result, controller-family ranking, winner selection, checkpoint promotion, success-rate verdict, paper evidence, finite-window-vs-GRU conclusion, current-response sufficiency, current-sim verdict, high-fidelity validation readiness or result, full ideal driver completion, or level3 self-identification"
